日付,"体重 (kg)","体脂肪 (kg)","骨量 (kg)","筋肉量 (kg)","体水分率 (kg)"
"2024-02-20 07:36:34",73.08,12.60,3.20,57.28,44.40
"2024-02-16 05:42:31",73.56,13.60,3.20,56.76,43.40
"2024-02-13 06:02:29",74.10,13.80,3.20,57.09,43.80
"2024-02-10 06:44:42",73.17,13.40,3.20,56.57,43.40
"2024-02-09 07:31:56",72.94,13.80,3.20,55.94,42.60
"2024-02-08 07:06:34",73.07,13.60,3.20,56.27,43.00
"2024-02-07 05:31:17",72.44,13.60,3.20,55.64,42.40
"2024-02-04 07:20:15",72.85,13.60,3.20,56.04,42.80
"2024-02-01 07:11:37",72.81,13.20,3.20,56.41,43.40
"2024-01-29 07:00:25",73.31,13.60,3.20,56.51,43.20
"2024-01-22 07:11:27",73.59,13.60,3.20,56.79,43.60
"2024-01-19 08:11:43",72.97,14.00,3.20,55.77,42.40
"2024-01-18 05:01:07",73.69,13.80,3.20,56.69,43.20
"2024-01-17 04:59:55",73.58,13.40,3.20,56.97,43.80
"2024-01-16 06:59:15",73.33,13.60,3.20,56.52,43.20
"2024-01-15 06:44:06",74.49,13.80,3.20,57.48,44.20
"2024-01-14 07:50:58",73.40,14.00,3.20,56.19,42.80
"2024-01-13 07:16:18",73.11,13.80,3.20,56.10,42.80
"2024-01-12 08:02:02",72.62,13.40,3.20,56.01,42.80
"2024-01-11 07:07:37",73.33,13.40,3.20,56.72,43.40
"2024-01-10 05:50:54",73.57,14.20,3.20,56.17,42.60
"2024-01-09 07:43:18",73.51,14.00,3.20,56.31,43.00
"2024-01-08 06:50:46",74.03,13.80,3.20,57.02,43.80
"2024-01-07 07:23:07",73.18,14.00,3.20,55.97,42.60
"2024-01-06 07:31:22",72.84,14.00,3.20,55.63,42.20
"2024-01-05 07:53:22",72.99,13.80,3.20,55.99,42.60
"2024-01-04 04:56:57",74.71,13.80,3.20,57.70,44.20
"2024-01-03 05:10:09",73.41,13.60,3.20,56.61,43.20
"2024-01-02 07:38:04",74.33,14.20,3.20,56.93,43.40
"2024-01-01 07:32:29",73.60,13.80,3.20,56.60,43.40
"2023-12-15 06:24:51",73.15,13.00,3.20,56.95,43.80
"2023-12-06 07:44:18",72.16,13.20,3.20,55.75,42.40
"2023-12-05 06:55:40",73.05,13.20,3.20,56.64,43.40
"2023-11-15 07:42:22",72.34,12.80,3.20,56.34,43.40
"2023-11-11 07:34:37",71.47,12.80,3.20,55.46,42.20
"2023-11-10 07:00:06",71.13,11.80,3.20,56.12,43.20
"2023-11-08 06:40:09",71.31,12.00,3.20,56.11,43.20
"2023-10-24 06:13:28",71.11,12.00,3.20,55.91,43.00
"2023-10-10 06:35:50",69.95,12.00,3.00,54.95,41.80
"2023-10-09 07:40:23",69.67,12.20,3.00,54.47,41.20
"2023-10-06 06:28:43",69.40,11.60,3.00,54.80,41.80
"2023-09-23 07:09:33",69.29,11.20,3.00,55.08,42.20
"2023-09-21 07:54:52",69.23,11.00,3.00,55.23,42.40
"2023-09-20 06:47:27",68.78,11.20,3.00,54.58,41.60
"2023-08-30 04:44:53",68.00,10.60,3.00,54.40,41.80
"2023-08-29 04:21:09",68.70,10.20,3.20,55.29,43.20
"2023-08-24 06:41:17",67.47,10.60,3.00,53.87,41.20
"2023-08-20 06:38:19",67.26,10.20,3.00,54.05,41.60
"2023-08-15 06:58:48",67.24,10.00,3.00,54.23,42.00
"2023-08-08 05:47:59",67.42,10.00,3.00,54.42,42.20
"2023-08-06 08:34:47",67.09,10.40,3.00,53.69,41.20
"2023-08-04 05:28:32",66.94,10.60,3.00,53.34,40.59
"2023-08-03 05:47:18",67.78,10.20,3.00,54.57,42.20
"2023-08-01 07:28:43",68.46,10.40,3.20,54.85,42.60
"2023-07-31 07:52:59",67.09,10.00,3.00,54.08,41.60
"2023-07-29 09:44:56",66.69,10.20,3.00,53.48,40.80
"2023-07-27 05:30:39",67.16,10.20,3.00,53.95,41.40
"2023-07-26 05:41:49",66.72,10.40,3.00,53.32,40.59
"2023-07-24 05:11:54",68.38,10.60,3.00,54.78,42.20
"2023-07-22 06:27:23",67.66,10.20,3.00,54.46,42.20
"2023-07-18 06:52:17",67.36,10.60,3.00,53.75,41.00
"2023-07-16 07:40:56",67.10,10.20,3.00,53.90,41.20
"2023-07-15 07:08:01",66.73,9.80,3.00,53.92,41.60
"2023-07-13 05:22:56",67.06,9.80,3.00,54.26,41.80
"2023-07-12 05:41:07",67.24,10.20,3.00,54.04,41.60
"2023-07-11 06:01:35",66.65,9.80,3.00,53.85,41.60
"2023-07-10 07:26:05",66.77,10.00,3.00,53.77,41.40
"2023-07-09 06:02:58",66.89,9.80,3.00,54.08,41.80
"2023-07-08 07:04:44",66.33,9.80,3.00,53.52,41.20
"2023-07-07 06:00:49",66.50,9.60,3.00,53.90,41.60
"2023-07-06 07:15:28",66.56,9.80,3.00,53.75,41.60
"2023-07-05 05:36:58",66.96,10.00,3.00,53.95,41.60
"2023-07-04 04:49:01",66.20,9.80,3.00,53.39,41.00
"2023-07-03 06:44:41",66.14,10.00,3.00,53.13,40.59
"2023-07-02 07:22:38",65.61,9.39,3.00,53.21,40.80
"2023-07-01 07:09:33",66.00,9.39,3.00,53.59,41.20
"2023-06-30 04:43:42",66.44,9.80,3.00,53.63,41.40
"2023-06-29 06:50:28",66.52,9.60,3.00,53.91,41.80
"2023-06-28 05:52:17",67.04,9.60,3.00,54.43,42.40
"2023-06-27 05:32:47",66.57,9.60,3.00,53.96,42.00
"2023-06-26 05:58:08",66.12,10.00,3.00,53.11,40.59
"2023-06-25 06:39:21",65.59,10.00,3.00,52.58,39.80
"2023-06-24 06:55:21",66.61,9.60,3.00,54.00,41.60
"2023-06-23 05:54:37",66.18,9.39,3.00,53.77,41.80
"2023-06-22 05:39:43",66.84,9.60,3.00,54.23,42.00
"2023-06-21 05:36:28",66.70,9.60,3.00,54.09,42.00
"2023-06-20 05:47:28",66.66,9.60,3.00,54.06,42.00
"2023-06-19 04:39:28",66.25,10.00,3.00,53.24,40.59
"2023-06-18 04:44:57",65.94,10.20,3.00,52.73,39.80
"2023-06-17 04:27:08",66.72,9.39,3.00,54.31,42.40
"2023-06-16 05:29:02",66.37,9.39,3.00,53.96,42.00
"2023-06-15 05:22:36",66.86,9.60,3.00,54.25,42.20
"2023-06-14 05:56:47",66.67,10.00,3.00,53.66,41.20
"2023-06-13 05:03:08",65.80,9.60,3.00,53.20,40.80
"2023-06-12 04:39:54",66.21,10.00,3.00,53.21,40.80
"2023-06-11 06:03:00",65.60,9.39,3.00,53.19,40.80
"2023-06-10 06:24:20",66.35,9.60,3.00,53.74,41.60
"2023-06-09 06:10:28",65.75,9.39,3.00,53.34,41.00
"2023-06-08 05:26:36",66.65,9.00,3.00,54.64,43.00
"2023-06-07 06:41:13",66.30,9.20,3.00,54.09,42.40
"2023-06-06 05:12:34",65.88,9.39,3.00,53.48,41.20
"2023-06-05 05:01:00",65.45,9.60,3.00,52.84,40.20
"2023-06-04 05:07:07",66.23,10.00,3.00,53.23,40.80
"2023-06-03 04:33:44",66.61,9.60,3.00,54.00,41.60
"2023-06-02 05:18:56",65.87,9.80,3.00,53.07,40.59
"2023-06-01 05:39:31",65.85,9.80,3.00,53.04,40.59
"2023-05-31 06:20:56",66.24,9.60,3.00,53.64,41.40
"2023-05-30 06:38:13",66.32,9.39,3.00,53.92,41.80
"2023-05-29 05:28:10",67.01,10.20,3.00,53.81,41.20
"2023-05-28 05:32:21",66.12,9.80,3.00,53.32,40.80
"2023-05-27 05:29:12",65.93,9.80,3.00,53.13,40.80
"2023-05-26 06:12:11",65.86,9.80,3.00,53.05,40.40
"2023-05-25 06:44:08",66.00,10.00,3.00,53.00,40.40
"2023-05-24 05:17:28",66.36,9.80,3.00,53.55,41.20
"2023-05-23 05:37:55",66.13,9.60,3.00,53.52,41.00
"2023-05-22 04:57:39",67.07,10.20,3.00,53.86,41.20
"2023-05-21 06:28:31",67.04,10.40,3.00,53.64,41.00
"2023-05-20 06:03:14",66.93,10.20,3.00,53.73,41.20
"2023-05-19 06:13:34",66.23,10.20,3.00,53.03,40.20
"2023-05-18 06:15:05",66.81,10.60,3.00,53.20,40.40
"2023-05-17 05:32:47",66.62,10.00,3.00,53.62,41.00
"2023-05-16 06:01:18",66.83,10.20,3.00,53.62,41.00
"2023-05-15 04:42:41",67.30,10.20,3.00,54.09,41.40
"2023-05-14 07:11:55",67.28,10.20,3.00,54.08,41.40
"2023-05-13 07:13:51",66.63,10.00,3.00,53.63,41.00
"2023-05-12 07:06:11",65.95,10.20,3.00,52.74,40.00
"2023-05-11 05:39:53",67.30,10.40,3.00,53.89,41.20
"2023-05-10 06:00:08",67.06,10.20,3.00,53.85,41.40
"2023-05-09 05:34:35",67.60,10.00,3.00,54.59,42.20
"2023-05-08 06:28:31",68.00,10.40,3.00,54.59,42.00
"2023-05-07 06:50:52",67.16,10.00,3.00,54.15,41.80
"2023-05-06 05:49:12",67.28,10.20,3.00,54.08,41.40
"2023-05-05 07:02:16",66.84,10.60,3.00,53.24,40.40
"2023-05-04 06:09:14",67.42,10.00,3.00,54.42,42.20
"2023-05-03 06:51:25",67.84,10.60,3.00,54.23,41.60
"2023-05-03 05:34:37",67.54,10.40,3.00,54.13,41.60
"2023-05-02 07:26:01",66.26,10.00,3.00,53.25,40.59
"2023-05-01 07:12:23",65.69,10.00,3.00,52.69,40.00
"2023-04-30 06:51:17",64.89,9.20,3.00,52.68,40.59
"2023-04-28 06:02:15",65.35,9.39,3.00,52.94,40.59
"2023-04-27 05:33:18",65.71,9.39,3.00,53.31,41.20
"2023-04-26 06:54:16",65.92,9.39,3.00,53.51,41.40
"2023-04-25 07:19:16",65.06,9.20,3.00,52.86,40.80
"2023-04-24 06:44:04",64.97,9.60,3.00,52.36,39.80
"2023-04-23 05:56:16",65.45,9.60,3.00,52.84,40.40
"2023-04-21 06:44:50",65.44,9.60,3.00,52.84,40.20
"2023-04-20 06:01:26",65.86,9.39,3.00,53.45,41.40
"2023-04-18 06:51:15",65.41,9.39,3.00,53.01,40.59
"2023-04-17 05:47:47",65.21,9.60,3.00,52.60,40.20
"2023-04-16 05:32:47",65.49,9.60,3.00,52.88,40.59
"2023-04-15 05:30:40",65.39,9.20,3.00,53.19,41.00
"2023-04-14 05:47:32",65.10,9.00,3.00,53.09,41.20
"2023-04-13 06:09:13",65.96,9.39,3.00,53.56,41.60
"2023-04-12 05:24:29",66.30,9.39,3.00,53.89,42.00
"2023-04-11 05:21:23",66.57,9.80,3.00,53.76,41.60
"2023-04-10 04:41:55",64.70,9.80,3.00,51.89,39.20
"2023-04-09 04:35:58",64.67,9.39,3.00,52.26,39.59
"2023-04-08 06:06:31",64.80,8.80,3.00,53.00,40.80
"2023-04-07 06:07:40",65.14,9.20,3.00,52.94,40.59
"2023-04-06 05:29:48",65.77,9.39,3.00,53.36,41.40
"2023-04-05 05:48:29",65.44,9.20,3.00,53.23,41.20
"2023-04-04 05:56:02",65.53,9.20,3.00,53.32,41.00
"2023-04-03 05:56:09",66.00,10.00,3.00,53.00,40.59
"2023-04-02 05:39:34",65.52,9.60,3.00,52.91,40.59
"2023-04-01 06:16:58",64.98,9.39,3.00,52.58,40.20
"2023-03-31 05:52:59",64.48,9.20,3.00,52.27,40.00
"2023-03-30 05:37:40",65.27,9.00,3.00,53.26,41.40
"2023-03-29 05:37:49",65.27,8.60,3.00,53.66,42.00
"2023-03-28 05:47:58",64.98,9.00,3.00,52.97,40.80
"2023-03-27 05:44:45",65.27,9.60,3.00,52.66,40.20
"2023-03-26 05:50:48",64.97,9.60,3.00,52.36,39.80
"2023-03-25 06:15:44",65.52,9.39,3.00,53.11,40.80
"2023-03-24 05:32:01",64.89,9.00,3.00,52.88,40.80
"2023-03-23 05:55:27",64.98,9.20,3.00,52.77,40.40
"2023-03-22 04:57:56",65.50,9.80,3.00,52.70,40.00
"2023-03-21 07:10:43",65.44,9.39,3.00,53.03,40.80
"2023-03-20 04:45:42",64.69,9.39,3.00,52.29,39.80
"2023-03-19 07:20:00",64.79,9.39,3.00,52.38,40.00
"2023-03-18 05:33:07",64.91,9.39,3.00,52.51,40.20
"2023-03-17 05:05:47",65.54,9.20,3.00,53.33,41.20
"2023-03-16 06:53:50",65.39,9.20,3.00,53.18,41.00
"2023-03-15 05:40:26",65.50,9.20,3.00,53.30,41.20
"2023-03-14 05:31:20",65.13,8.80,3.00,53.33,41.40
"2023-03-13 06:26:15",64.42,9.20,3.00,52.22,39.59
"2023-03-12 06:31:48",64.79,9.20,3.00,52.59,40.20
"2023-03-11 07:14:49",65.21,9.39,3.00,52.80,40.40
"2023-03-10 04:24:02",65.35,8.80,3.00,53.54,41.80
"2023-03-09 06:46:44",65.27,9.20,3.00,53.07,40.80
"2023-03-08 06:38:31",65.48,9.20,3.00,53.27,41.00
"2023-03-07 05:55:18",66.06,9.00,3.00,54.05,42.20
"2023-03-06 05:48:27",65.64,9.39,3.00,53.23,41.00
"2023-03-05 05:59:46",65.12,9.80,3.00,52.32,39.40
"2023-03-04 06:41:05",64.61,9.39,3.00,52.21,39.59
"2023-03-03 05:47:45",64.83,9.39,3.00,52.42,39.80
"2023-03-02 07:21:12",64.87,9.39,3.00,52.47,40.20
"2023-03-01 05:13:25",66.24,9.20,3.00,54.03,42.00
"2023-02-28 07:08:54",66.25,9.60,3.00,53.64,41.40
"2023-02-27 05:55:39",65.67,9.39,3.00,53.26,41.00
"2023-02-26 06:09:23",65.53,9.60,3.00,52.93,40.59
"2023-02-25 06:14:00",65.13,9.39,3.00,52.72,40.40
"2023-02-24 07:41:46",64.76,9.39,3.00,52.36,39.59
"2023-02-23 07:52:33",65.03,9.39,3.00,52.62,40.00
"2023-02-22 05:43:00",65.31,9.39,3.00,52.90,40.59
"2023-02-21 05:16:33",65.61,9.39,3.00,53.21,40.80
"2023-02-20 06:39:22",65.33,10.00,3.00,52.33,39.59
"2023-02-19 07:36:39",65.01,9.20,3.00,52.80,40.40
"2023-02-18 05:43:13",64.90,9.60,3.00,52.30,39.80
"2023-02-17 05:32:51",65.08,9.39,3.00,52.67,40.20
"2023-02-16 06:04:24",65.80,9.60,3.00,53.20,41.00
"2023-02-15 05:47:25",65.67,9.39,3.00,53.27,41.00
"2023-02-14 06:19:30",66.56,9.60,3.00,53.96,42.00
"2023-02-13 06:56:02",67.10,9.60,3.00,54.50,42.40
"2023-02-12 05:10:26",66.31,10.20,3.00,53.10,40.40
"2023-02-11 06:23:56",65.64,9.80,3.00,52.84,40.40
"2023-02-10 06:28:15",65.36,9.60,3.00,52.76,40.20
"2023-02-09 06:15:27",66.59,10.00,3.00,53.58,41.20
"2023-02-08 06:16:30",66.93,9.60,3.00,54.32,42.20
"2023-02-07 06:30:56",66.69,9.60,3.00,54.09,41.80
"2023-02-06 07:40:38",66.05,9.80,3.00,53.24,40.80
"2023-02-05 05:59:44",66.03,10.00,3.00,53.03,40.40
"2023-02-04 05:31:03",66.10,10.00,3.00,53.09,40.40
"2023-02-03 02:57:15",66.65,10.20,3.00,53.45,40.80
"2023-02-02 05:26:58",66.80,10.00,3.00,53.79,41.20
"2023-02-01 06:21:34",66.92,10.00,3.00,53.91,41.60
"2023-01-31 05:35:05",67.00,10.00,3.00,54.00,41.60
"2023-01-30 06:35:33",66.93,10.40,3.00,53.53,40.59
"2023-01-29 07:48:52",66.71,10.00,3.00,53.70,41.00
"2023-01-28 06:19:42",66.55,10.60,3.00,52.95,40.00
"2023-01-27 06:31:10",66.46,10.20,3.00,53.26,40.59
"2023-01-26 06:11:22",66.85,9.80,3.00,54.04,41.60
"2023-01-25 04:31:48",67.58,10.20,3.00,54.37,42.00
"2023-01-24 05:49:21",67.17,10.00,3.00,54.17,41.60
"2023-01-23 06:39:51",66.93,10.20,3.00,53.72,41.20
"2023-01-22 05:59:07",66.87,10.20,3.00,53.66,41.00
"2023-01-21 08:11:35",66.73,9.80,3.00,53.92,41.60
"2023-01-20 06:07:26",66.86,10.00,3.00,53.86,41.40
"2023-01-19 06:26:27",67.29,10.40,3.00,53.88,41.20
"2023-01-18 05:53:45",67.51,10.40,3.00,54.10,41.60
"2023-01-17 04:58:00",67.66,10.00,3.00,54.65,42.40
"2023-01-16 06:19:55",67.38,10.80,3.00,53.58,40.80
"2023-01-16 05:58:41",67.64,10.80,3.00,53.83,41.00
"2023-01-15 05:34:50",67.52,10.60,3.00,53.91,41.20
"2023-01-14 07:24:09",67.32,10.40,3.00,53.92,41.20
"2023-01-13 06:28:40",67.62,10.80,3.00,53.81,41.00
"2023-01-12 06:48:52",67.68,10.40,3.00,54.27,41.80
"2023-01-11 06:58:59",67.40,10.20,3.00,54.19,41.80
"2023-01-10 05:52:38",67.43,10.60,3.00,53.82,41.20
"2023-01-09 08:03:49",66.97,10.60,3.00,53.37,40.40
"2023-01-08 08:56:57",66.63,10.60,3.00,53.02,40.20
"2023-01-07 05:48:41",67.86,10.20,3.00,54.65,42.20
"2023-01-06 06:42:34",66.71,10.40,3.00,53.30,40.40
"2023-01-05 06:45:08",66.84,10.40,3.00,53.44,40.59
"2023-01-04 08:12:06",67.52,10.60,3.00,53.92,41.20
"2023-01-03 07:46:59",68.29,10.80,3.00,54.48,41.80
"2023-01-02 09:07:14",67.75,10.60,3.00,54.14,41.40
"2023-01-01 08:32:32",67.07,10.40,3.00,53.67,40.80
"2022-12-30 07:38:34",66.32,10.40,3.00,52.91,40.00
"2022-12-29 06:27:51",66.95,10.40,3.00,53.54,40.80
"2022-12-28 07:52:46",66.64,10.40,3.00,53.24,40.40
"2022-12-27 07:25:58",66.76,10.20,3.00,53.56,40.80
"2022-12-26 06:43:48",67.09,10.60,3.00,53.48,40.59
"2022-12-25 07:42:18",66.84,10.60,3.00,53.24,40.20
"2022-12-20 07:53:43",67.03,10.80,3.00,53.23,40.20
"2022-12-09 07:10:16",67.86,10.60,3.00,54.26,41.60
"2022-12-08 06:39:00",68.38,10.60,3.00,54.77,42.20
"2022-12-07 05:49:21",68.13,10.40,3.00,54.73,42.20
"2022-12-05 08:19:13",67.71,11.00,3.00,53.70,40.59
"2022-12-02 07:24:58",67.31,10.60,3.00,53.70,40.80
"2022-12-01 07:02:01",68.23,11.20,3.00,54.02,41.00
"2022-11-28 07:16:04",68.11,10.80,3.00,54.31,41.40
"2022-11-27 07:46:43",67.95,10.60,3.00,54.35,41.80
"2022-11-26 06:23:45",68.16,10.60,3.00,54.56,42.00
"2022-11-25 06:23:00",68.77,10.80,3.00,54.97,42.40
"2022-11-24 05:23:35",68.48,10.80,3.00,54.68,41.80
"2022-11-23 08:10:32",68.06,11.00,3.00,54.05,41.20
"2022-11-22 05:24:32",68.29,10.60,3.00,54.68,42.20
"2022-11-21 07:56:22",67.79,11.00,3.00,53.79,40.80
"2022-11-19 06:21:05",68.83,10.60,3.20,55.03,42.80
"2022-11-18 06:40:26",68.70,10.80,3.00,54.89,42.20
"2022-11-17 06:56:56",68.57,10.60,3.00,54.96,42.40
"2022-11-16 06:22:24",68.58,10.80,3.00,54.77,42.20
"2022-11-15 06:02:02",68.78,10.60,3.20,54.97,42.80
"2022-11-14 07:23:11",68.44,10.80,3.00,54.63,42.00
"2022-11-13 06:00:16",67.99,10.80,3.00,54.19,41.40
"2022-11-12 06:10:04",67.96,10.40,3.00,54.56,42.20
"2022-11-11 06:16:37",67.67,10.60,3.00,54.07,41.40
"2022-11-10 06:29:25",67.96,10.40,3.00,54.56,42.20
"2022-11-09 05:35:32",68.19,10.60,3.00,54.59,42.00
"2022-11-08 05:55:03",68.01,10.60,3.00,54.41,41.80
"2022-11-06 06:19:24",67.64,11.20,3.00,53.44,40.40
"2022-11-05 06:19:07",67.58,10.40,3.00,54.17,41.40
"2022-11-04 05:39:38",67.53,10.40,3.00,54.13,41.40
"2022-11-03 06:24:14",68.03,10.20,3.00,54.83,42.40
"2022-11-02 07:00:32",68.23,10.80,3.00,54.43,41.60
"2022-11-01 06:07:14",68.24,10.60,3.00,54.63,41.80
"2022-10-31 06:08:26",67.88,11.00,3.00,53.87,40.80
"2022-10-25 06:43:47",68.98,11.00,3.00,54.97,42.00
"2022-10-24 06:54:49",68.21,11.40,3.00,53.80,40.59
"2022-10-23 05:18:44",68.67,11.40,3.00,54.26,41.20
"2022-10-22 07:34:06",68.39,11.00,3.00,54.39,41.60
"2022-10-21 06:08:51",69.36,11.20,3.00,55.15,42.20
"2022-10-20 05:20:54",69.17,11.00,3.20,54.97,42.60
"2022-10-19 05:36:43",69.07,10.80,3.20,55.06,42.80
"2022-10-18 05:55:25",68.37,10.60,3.00,54.77,42.20
"2022-10-17 07:11:23",67.63,11.20,3.00,53.42,40.40
"2022-10-13 06:22:18",68.67,10.80,3.00,54.86,42.40
"2022-10-12 05:24:09",68.92,11.00,3.00,54.91,42.20
"2022-10-11 05:42:07",69.09,11.40,3.00,54.68,41.80
"2022-10-10 06:08:42",69.12,11.60,3.00,54.52,41.20
"2022-10-09 06:14:30",68.90,11.80,3.00,54.09,41.00
"2022-10-06 06:37:43",69.48,10.80,3.20,55.48,43.00
"2022-10-04 05:30:29",68.76,11.00,3.00,54.75,41.80
"2022-10-03 05:08:30",67.58,11.40,3.00,53.17,40.00
"2022-10-02 05:47:42",68.22,11.60,3.00,53.61,40.40
"2022-10-01 06:34:45",68.79,11.20,3.00,54.59,41.60
"2022-09-29 05:08:55",69.40,11.00,3.20,55.20,42.80
"2022-09-28 05:43:31",69.22,11.00,3.20,55.02,42.60
"2022-09-26 06:19:49",67.99,11.40,3.00,53.59,40.40
"2022-09-25 07:38:34",68.40,11.60,3.00,53.79,40.59
"2022-09-23 06:36:59",70.27,11.80,3.20,55.27,42.40
"2022-09-22 05:41:12",70.27,11.40,3.20,55.66,43.20
"2022-09-21 05:34:29",69.92,11.20,3.20,55.51,43.00
"2022-09-20 05:35:11",69.43,11.20,3.20,55.02,42.40
"2022-09-19 06:03:55",69.51,11.20,3.20,55.10,42.60
"2022-09-18 06:17:19",68.98,11.20,3.00,54.78,42.00
"2022-09-17 06:11:15",69.52,11.20,3.20,55.12,42.40
"2022-09-16 05:17:33",69.68,11.20,3.20,55.28,42.80
"2022-09-15 05:33:34",69.92,11.20,3.20,55.52,43.00
"2022-09-14 05:07:22",70.04,11.20,3.20,55.63,43.20
"2022-09-13 05:03:35",69.66,11.20,3.20,55.25,42.60
"2022-09-12 04:05:01",69.34,11.40,3.00,54.94,42.00
"2022-09-11 05:10:21",68.62,11.60,3.00,54.01,40.80
"2022-09-10 05:09:03",69.93,11.20,3.20,55.53,42.80
"2022-09-09 04:44:32",70.40,11.60,3.20,55.60,43.00
"2022-09-08 05:38:28",70.56,11.20,3.20,56.16,43.80
"2022-09-07 04:32:18",70.70,11.20,3.20,56.30,44.00
"2022-09-06 05:15:36",70.73,11.40,3.20,56.13,43.60
"2022-09-05 05:35:28",70.70,11.40,3.20,56.09,43.40
"2022-09-04 03:43:26",69.90,12.00,3.00,54.89,41.60
"2022-09-03 05:02:08",70.56,11.80,3.20,55.55,42.80
"2022-09-02 05:36:06",70.72,11.80,3.20,55.71,43.00
"2022-09-01 05:19:36",71.12,11.40,3.20,56.51,44.00
"2022-08-31 06:09:13",71.08,11.40,3.20,56.47,43.80
"2022-08-29 05:34:53",71.42,11.80,3.20,56.42,43.80
"2022-08-28 07:53:44",71.30,11.60,3.20,56.50,43.80
"2022-08-27 06:53:28",71.19,11.80,3.20,56.18,43.60
"2022-08-26 05:18:36",71.92,12.00,3.20,56.71,43.80
"2022-08-25 04:36:45",71.74,12.00,3.20,56.54,43.80
"2022-08-24 04:36:02",72.05,12.00,3.20,56.84,44.20
"2022-08-23 05:21:52",71.83,12.00,3.20,56.63,43.80
"2022-08-22 05:18:57",71.84,12.40,3.20,56.23,43.40
"2022-08-21 04:33:22",71.55,12.60,3.20,55.74,42.60
"2022-08-20 05:55:56",72.16,12.60,3.20,56.35,43.40
"2022-08-19 05:43:31",71.56,13.00,3.20,55.35,42.00
"2022-08-18 07:16:43",70.73,12.40,3.00,55.32,42.00
"2022-08-17 07:03:32",70.45,12.40,3.00,55.05,41.60
"2022-08-16 06:11:04",70.28,13.00,3.00,54.28,40.80
"2022-08-15 05:15:03",71.12,13.40,3.00,54.72,41.20
"2022-08-14 07:30:17",71.52,13.60,3.00,54.92,41.40
"2022-08-13 05:49:15",71.28,13.20,3.00,55.08,41.60
"2022-08-12 06:52:16",71.44,13.40,3.00,55.04,41.60
"2022-08-11 05:12:02",72.37,12.80,3.20,56.37,43.40
"2022-08-10 03:37:21",71.96,13.00,3.20,55.75,42.60
"2022-08-09 05:07:41",72.37,12.60,3.20,56.56,43.60
"2022-08-08 04:08:19",72.72,13.60,3.20,55.92,42.60
"2022-08-07 05:25:58",72.60,13.60,3.20,55.80,42.40
"2022-08-06 05:52:06",72.67,13.80,3.20,55.67,42.20
"2022-08-05 04:51:18",73.83,13.40,3.20,57.23,44.00
"2022-08-04 05:38:37",74.46,12.80,3.20,58.45,45.40
"2022-08-03 05:25:43",73.55,13.00,3.20,57.35,44.40
"2022-08-02 05:20:28",72.86,13.20,3.20,56.45,43.60
"2022-08-01 05:13:15",72.23,13.80,3.00,55.42,42.20
"2022-07-31 05:51:52",72.66,14.60,3.00,55.05,41.80
"2022-07-30 06:11:44",72.87,14.60,3.00,55.26,42.00
"2022-07-29 03:33:44",73.63,13.80,3.20,56.63,43.60
"2022-07-28 05:47:00",74.06,14.00,3.20,56.85,43.80
"2022-07-27 05:32:40",74.41,14.00,3.20,57.20,44.20
"2022-07-26 08:05:08",73.12,13.40,3.20,56.51,43.40
"2022-07-23 06:25:00",73.51,14.40,3.20,55.91,42.60
"2022-07-06 07:02:49",74.88,13.80,3.20,57.88,45.00
"2022-07-05 06:48:14",74.26,13.80,3.20,57.25,44.20
"2022-07-04 06:59:56",73.34,14.40,3.20,55.73,42.40
"2022-07-03 06:37:35",73.37,14.60,3.20,55.56,42.40
"2022-07-02 06:23:18",72.62,14.40,3.00,55.21,41.80
"2022-07-01 05:20:56",73.34,14.00,3.20,56.13,43.20
"2022-06-30 06:24:33",73.47,13.80,3.20,56.46,43.40
"2022-06-29 06:41:06",73.05,13.40,3.20,56.45,43.60
"2022-06-28 05:24:02",72.81,13.20,3.20,56.41,43.60
"2022-06-27 06:59:45",72.49,14.60,3.00,54.88,41.60
"2022-06-26 09:07:47",71.49,14.60,3.00,53.88,40.59
"2022-06-25 06:22:58",72.93,14.20,3.20,55.52,42.40
"2022-06-22 06:04:11",73.37,13.60,3.20,56.57,43.60
"2022-06-20 06:39:26",73.13,14.40,3.20,55.52,42.40
"2022-06-15 06:20:20",73.58,14.20,3.20,56.18,43.00
"2022-06-10 07:14:55",72.65,14.20,3.00,55.45,42.20
"2022-06-04 07:37:08",71.67,13.80,3.00,54.87,41.60
"2022-05-24 06:26:04",73.62,14.40,3.20,56.01,42.80
"2022-05-23 07:11:47",73.00,14.80,3.00,55.20,42.00
"2022-05-21 08:16:35",72.60,14.80,3.00,54.80,41.40
"2022-05-20 06:34:04",73.61,14.60,3.20,55.80,42.80
"2022-05-19 07:01:36",73.70,14.40,3.20,56.10,43.00
"2022-05-16 07:24:54",72.38,14.80,3.00,54.57,41.20
"2022-05-15 06:51:51",72.55,14.40,3.00,55.15,41.80
"2022-05-14 05:08:18",74.29,14.00,3.20,57.09,44.00
"2022-05-13 07:00:13",73.38,14.00,3.20,56.18,43.00
"2022-05-07 10:25:40",72.65,14.20,3.00,55.45,42.20
"2022-05-06 07:40:46",72.25,13.80,3.00,55.44,42.20
"2022-05-05 07:51:47",72.71,14.00,3.20,55.50,42.40
"2022-05-04 06:58:26",72.49,13.80,3.20,55.49,42.40
"2022-05-03 07:19:05",72.71,14.40,3.00,55.30,42.00
"2022-05-02 06:56:33",71.76,13.60,3.00,55.15,42.00
"2022-05-01 06:51:22",72.26,14.20,3.00,55.05,41.80
"2022-04-27 06:33:06",73.23,13.40,3.20,56.63,43.80
"2022-04-26 06:58:10",73.30,13.80,3.20,56.29,43.20
"2022-04-22 06:31:26",73.21,13.80,3.20,56.21,43.00
"2022-04-20 05:37:28",73.08,13.20,3.20,56.68,43.80
"2022-04-19 06:30:08",73.20,13.60,3.20,56.39,43.40
"2022-04-18 06:17:17",73.36,14.60,3.20,55.56,42.40
"2022-04-13 07:26:13",72.66,12.80,3.20,56.66,44.00
"2022-04-12 07:06:55",72.64,13.20,3.20,56.24,43.40
"2022-04-11 05:36:18",72.51,12.60,3.20,56.71,44.00
"2022-04-08 05:48:21",73.38,13.80,3.20,56.38,43.20
"2022-02-27 07:17:43",72.01,13.00,3.20,55.81,43.00
"2022-02-25 08:00:39",72.21,13.00,3.20,56.00,43.00
"2022-02-24 07:56:51",72.90,14.00,3.20,55.69,42.60
"2022-02-23 07:50:23",73.31,13.40,3.20,56.71,43.80
"2022-02-22 07:59:50",72.23,13.00,3.20,56.02,43.00
"2022-02-21 08:35:32",71.87,13.40,3.00,55.47,42.20
"2022-02-20 08:53:46",70.78,13.20,3.00,54.57,41.40
"2022-02-19 07:22:20",72.43,13.60,3.20,55.62,42.60
"2022-02-18 07:55:03",71.77,13.40,3.00,55.36,42.20
"2022-02-17 07:35:04",72.57,13.60,3.20,55.77,42.80
"2022-02-16 07:54:58",72.76,12.80,3.20,56.76,44.00
"2022-02-16 07:54:06",72.79,9.20,3.20,60.38,44.00
"2022-02-15 07:41:29",72.02,9.39,3.20,59.41,43.00
"2022-02-14 08:01:36",72.32,13.80,3.20,55.31,42.40
"2022-02-13 08:10:25",71.75,13.40,3.00,55.34,42.20
"2022-02-12 07:47:50",72.16,13.60,3.20,55.35,42.20
"2022-02-11 08:49:37",72.12,13.60,3.00,55.51,42.20
"2022-02-10 07:12:09",72.43,13.60,3.20,55.63,42.60
"2022-02-09 07:58:52",71.94,13.00,3.20,55.74,43.00
"2022-02-08 07:58:13",71.97,13.20,3.20,55.56,42.80
"2022-02-07 06:59:46",71.82,13.20,3.20,55.42,42.60
"2022-02-06 08:43:36",71.58,13.60,3.00,54.98,41.80
"2022-02-05 09:16:34",72.10,13.20,3.20,55.69,42.80
"2022-02-04 07:55:54",72.40,13.00,3.20,56.19,43.40
"2022-02-03 07:46:35",72.21,12.40,3.20,56.61,43.80
"2022-02-02 08:01:57",72.46,13.00,3.20,56.26,43.40
"2022-02-01 08:02:53",71.60,13.00,3.20,55.39,42.40
"2022-01-31 07:38:35",71.04,13.20,3.00,54.83,41.80
"2022-01-30 08:45:00",71.46,13.60,3.00,54.85,41.60
"2022-01-29 09:13:07",71.68,13.20,3.20,55.27,42.40
"2022-01-28 08:02:04",71.74,13.00,3.20,55.54,42.80
"2022-01-27 07:48:36",72.19,12.40,3.20,56.58,44.00
"2022-01-26 08:03:47",72.01,13.00,3.20,55.81,42.80
"2022-01-25 07:53:31",71.71,13.20,3.20,55.30,42.40
"2022-01-24 08:03:35",71.10,13.00,3.00,55.09,42.00
"2022-01-23 07:39:23",72.23,13.60,3.20,55.43,42.40
"2022-01-22 08:03:57",70.94,12.80,3.00,55.14,42.20
"2022-01-21 07:59:56",71.90,13.00,3.20,55.69,42.80
"2022-01-19 08:04:41",70.87,12.40,3.20,55.26,42.60
"2022-01-18 08:01:31",70.85,13.00,3.00,54.85,41.80
"2022-01-16 09:37:22",70.42,13.00,3.00,54.41,41.40
"2022-01-15 21:08:30",71.50,12.80,3.20,55.50,42.80
"2022-01-11 07:56:47",69.51,12.20,3.00,54.31,41.40
"2022-01-10 08:10:18",70.41,12.60,3.00,54.81,41.80
"2022-01-09 10:19:31",70.53,12.60,3.00,54.93,42.00
"2022-01-05 08:01:28",69.71,12.20,3.00,54.50,41.60
"2022-01-04 09:58:30",68.77,12.20,3.00,53.56,40.59
"2022-01-01 08:32:51",70.38,13.20,3.00,54.17,41.20
"2021-12-31 11:57:46",69.42,12.80,3.00,53.61,40.59
"2021-12-30 08:45:54",70.34,12.20,3.00,55.13,42.20
"2021-12-27 07:45:02",69.72,12.60,3.00,54.12,41.00
"2021-12-25 09:37:35",70.32,12.40,3.00,54.91,41.80
"2021-12-23 07:51:00",70.49,12.00,3.20,55.29,42.80
"2021-12-22 07:20:31",69.77,11.60,3.00,55.16,42.60
"2021-12-21 07:34:38",69.56,12.40,3.00,54.16,41.20
"2021-12-20 06:55:43",68.77,12.20,3.00,53.57,40.59
"2021-12-19 08:13:27",69.25,12.40,3.00,53.84,40.80
"2021-12-18 07:09:23",70.29,11.80,3.20,55.29,42.60
"2021-12-17 07:59:25",69.37,12.00,3.00,54.37,41.40
"2021-12-16 07:52:27",70.25,12.00,3.00,55.25,42.40
"2021-12-15 05:58:07",70.57,12.00,3.20,55.36,42.80
"2021-12-14 07:32:10",70.25,12.00,3.00,55.25,42.40
"2021-12-13 07:36:11",69.00,11.80,3.00,54.20,41.20
"2021-12-12 11:19:28",68.45,12.00,3.00,53.44,40.59
"2021-12-11 18:20:58",68.84,11.60,3.00,54.24,41.40
"2021-12-09 07:02:45",70.59,12.00,3.20,55.39,43.00
"2021-12-08 08:01:11",69.94,12.00,3.00,54.93,42.20
"2021-12-07 07:53:54",69.65,12.20,3.00,54.45,41.60
"2021-12-06 07:35:45",68.57,12.00,3.00,53.56,40.80
"2021-12-05 08:59:03",68.84,12.00,3.00,53.84,41.00
"2021-12-04 08:07:56",69.90,12.00,3.00,54.89,42.20
"2021-12-03 07:59:52",69.48,11.60,3.00,54.88,42.00
"2021-12-02 06:39:04",70.28,12.00,3.20,55.07,42.60
"2021-11-29 07:35:11",68.31,11.60,3.00,53.71,40.80
"2021-11-28 06:09:39",68.50,11.60,3.00,53.89,41.00
"2021-11-27 08:42:22",69.06,12.00,3.00,54.05,41.20
"2021-11-26 07:41:49",68.05,11.40,3.00,53.64,41.00
"2021-11-25 07:05:11",68.48,11.20,3.00,54.28,41.60
"2021-11-21 08:49:39",68.91,11.20,3.00,54.70,42.20
"2021-11-20 07:41:19",69.35,12.00,3.00,54.35,41.60
"2021-11-19 07:27:22",69.37,12.00,3.00,54.36,41.60
"2021-11-18 06:46:04",69.14,11.20,3.00,54.94,42.40
"2021-11-16 07:52:08",67.35,11.20,3.00,53.14,40.40
"2021-11-14 07:23:23",67.26,11.00,3.00,53.26,40.59
"2021-11-13 07:03:08",68.23,11.60,3.00,53.62,41.00
"2021-11-12 07:00:07",68.29,11.20,3.00,54.09,41.40
"2021-11-11 05:50:44",68.38,11.20,3.00,54.18,41.60
"2021-11-10 06:41:33",67.79,10.80,3.00,53.98,41.60
"2021-11-09 05:36:33",67.65,10.80,3.00,53.85,41.20
"2021-11-08 05:29:44",67.72,11.40,3.00,53.31,40.59
"2021-11-07 09:59:58",66.54,11.20,3.00,52.34,39.40
"2021-11-06 05:07:03",68.31,11.20,3.00,54.11,41.40
"2021-11-04 06:14:36",66.95,11.40,3.00,52.54,39.80
"2021-11-03 09:16:58",67.90,11.40,3.00,53.50,40.80
"2021-11-02 07:06:33",67.39,11.40,3.00,52.98,40.40
"2021-11-01 07:18:31",68.10,12.00,3.00,53.10,40.20
"2021-10-31 06:50:45",68.31,11.60,3.00,53.71,41.00
"2021-10-29 06:45:12",67.39,11.40,3.00,52.98,40.00
"2021-10-18 05:28:39",71.18,12.80,3.00,55.38,42.20
"2021-10-17 07:36:43",70.12,12.60,3.00,54.52,41.60
"2021-10-16 09:10:34",70.63,12.60,3.00,55.02,41.80
"2021-10-15 05:24:42",71.13,12.60,3.20,55.32,42.40
"2021-10-14 05:46:00",71.10,12.80,3.00,55.29,42.20
"2021-10-13 06:11:11",72.00,12.20,3.20,56.59,44.20
"2021-10-12 06:50:21",71.71,12.60,3.20,55.91,43.20
"2021-10-11 07:04:44",71.59,12.60,3.20,55.78,43.00
"2021-10-10 06:45:17",71.37,12.80,3.20,55.36,42.60
"2021-10-09 05:45:08",71.06,12.20,3.20,55.65,43.00
"2021-10-08 06:10:53",70.68,12.60,3.00,55.07,42.20
"2021-10-07 06:18:17",71.36,12.40,3.20,55.76,43.00
"2021-10-06 07:31:31",70.79,12.80,3.00,54.99,42.00
"2021-10-05 06:03:47",70.55,12.60,3.00,54.94,41.80
"2021-10-04 06:28:13",69.81,12.80,3.00,54.00,41.00
"2021-10-03 07:19:31",70.72,12.80,3.00,54.91,41.80
"2021-10-02 07:40:58",70.66,12.60,3.00,55.06,42.00
"2021-10-01 05:55:47",70.71,12.60,3.00,55.10,42.20
"2021-09-30 06:29:53",70.47,12.20,3.00,55.26,42.20
"2021-09-29 04:49:35",70.43,12.20,3.00,55.23,42.40
"2021-09-28 05:34:40",69.90,12.40,3.00,54.50,41.60
"2021-09-27 06:20:14",69.95,12.60,3.00,54.35,41.20
"2021-09-26 06:32:36",69.69,12.80,3.00,53.89,40.80
"2021-09-25 07:21:37",69.81,12.40,3.00,54.41,41.40
"2021-09-24 06:06:59",69.53,12.20,3.00,54.33,41.40
"2021-09-23 07:27:12",70.26,12.60,3.00,54.66,41.60
"2021-09-22 06:10:40",70.63,12.20,3.20,55.22,42.40
"2021-09-21 06:08:58",70.21,12.60,3.00,54.60,41.60
"2021-09-20 06:07:21",69.46,12.60,3.00,53.85,40.80
"2021-09-19 06:49:18",69.16,11.80,3.00,54.35,41.40
"2021-09-18 07:18:19",68.94,12.20,3.00,53.73,40.80
"2021-09-17 07:19:50",69.11,12.40,3.00,53.70,40.80
"2021-09-16 07:44:28",70.30,12.20,3.00,55.10,42.20
"2021-09-15 21:08:56",70.65,10.60,3.20,56.85,45.40
"2021-09-15 06:16:02",69.93,12.40,3.00,54.53,41.60
"2021-09-14 05:35:34",69.62,12.20,3.00,54.42,41.60
"2021-09-13 07:10:02",69.54,12.80,3.00,53.73,40.59
"2021-09-11 09:16:07",69.39,12.00,3.00,54.38,41.40
"2021-07-29 17:38:48",69.55,9.60,3.20,56.75,46.00
"2021-07-29 07:51:40",69.35,11.00,3.20,55.14,43.00
"2021-07-28 07:43:03",69.70,11.40,3.20,55.10,42.80
"2021-07-27 21:16:45",69.81,9.80,3.20,56.81,46.00
"2021-07-26 21:10:04",69.06,9.60,3.20,56.25,45.40
"2021-07-20 20:58:59",70.21,9.39,3.40,57.41,47.20
"2021-07-14 06:41:12",70.43,11.20,3.20,56.02,44.00
"2021-07-13 06:52:24",70.23,11.20,3.20,55.82,43.80
"2021-07-13 06:51:36",70.21,11.20,3.20,55.80,43.60
"2021-07-12 06:43:44",69.67,11.40,3.00,55.26,42.60
"2021-07-11 05:23:28",69.78,12.00,3.00,54.78,41.80
"2021-07-01 07:45:56",71.07,11.80,3.20,56.07,43.80
"2021-06-29 06:22:31",70.25,11.40,3.20,55.64,43.40
"2021-06-28 21:46:12",70.00,10.40,3.20,56.40,45.00
"2021-06-27 07:26:07",70.36,12.40,3.00,54.95,42.00
"2021-06-26 07:11:29",70.74,11.40,3.20,56.13,44.00
"2021-06-25 07:49:08",70.90,12.20,3.20,55.49,43.00
"2021-06-22 21:37:09",70.50,9.80,3.40,57.30,47.00
"2021-06-22 05:49:18",70.42,11.40,3.20,55.81,43.60
"2021-06-21 06:49:32",69.07,11.80,3.00,54.26,41.40
"2021-06-20 07:11:28",69.25,12.20,3.00,54.04,41.20
"2021-06-19 08:10:21",69.63,11.40,3.20,55.03,42.80
"2021-06-16 21:38:18",71.15,10.20,3.40,57.55,46.80
"2021-06-15 21:05:56",71.11,10.60,3.20,57.30,46.00
"2021-06-14 06:33:10",70.41,12.40,3.00,55.01,42.20
"2021-06-13 05:47:13",70.52,12.20,3.00,55.31,42.40
"2021-06-11 21:12:23",70.72,10.60,3.20,56.91,45.40
"2021-06-11 06:48:59",70.36,12.00,3.20,55.16,42.60
"2021-06-10 06:03:37",70.81,11.60,3.20,56.01,43.80
"2021-06-08 21:18:15",71.51,10.20,3.40,57.90,47.20
"2021-06-04 21:15:04",70.78,10.20,3.20,57.38,46.20
"2021-06-01 20:55:45",70.53,10.20,3.20,57.13,45.80
"2021-05-31 21:12:30",69.48,10.20,3.20,56.07,44.60
"2021-05-29 08:24:40",70.07,11.40,3.20,55.46,43.00
"2021-05-28 21:04:31",70.38,10.40,3.20,56.77,45.40
"2021-05-27 17:34:16",71.04,10.80,3.20,57.03,45.20
"2021-05-26 21:08:18",70.29,9.80,3.20,57.28,46.60
"2021-05-24 21:05:41",69.91,10.20,3.20,56.50,45.40
"2021-05-22 04:39:18",69.57,11.40,3.20,54.97,42.60
"2021-05-22 04:38:33",69.56,11.20,3.20,55.15,42.80
"2021-05-21 21:08:16",69.47,10.00,3.20,56.27,45.00
"2021-05-19 20:59:12",71.09,10.00,3.40,57.68,47.20
"2021-05-18 21:27:18",70.95,10.00,3.40,57.55,47.20
"2021-05-18 07:34:08",70.40,11.60,3.20,55.60,43.20
"2021-05-18 07:33:21",70.40,11.60,3.20,55.59,43.00
"2021-05-18 07:32:32",70.39,11.60,3.20,55.59,43.00
"2021-05-18 07:31:45",70.34,11.60,3.20,55.53,43.20
"2021-05-17 21:16:18",70.45,10.00,3.20,57.24,46.40
"2021-05-17 21:15:30",70.43,10.00,3.20,57.22,46.40
"2021-05-17 21:14:44",70.43,10.00,3.20,57.23,46.20
"2021-05-17 21:13:32",70.45,9.80,3.20,57.44,46.60
"2021-05-17 21:12:28",70.42,9.60,3.40,57.41,47.00
"2021-05-17 07:51:38",69.72,12.00,3.00,54.71,41.80
"2021-05-16 08:36:31",69.04,11.60,3.00,54.43,41.60
"2021-05-16 08:35:47",69.04,11.60,3.00,54.43,41.60
"2021-05-15 07:24:57",70.17,11.80,3.20,55.16,42.60
"2021-05-14 11:08:07",70.11,12.20,3.00,54.91,41.80
"2021-05-12 20:57:08",70.03,10.00,3.20,56.83,45.80
"2021-05-11 21:10:13",69.37,9.80,3.20,56.36,45.40
"2021-05-11 05:52:03",68.67,11.00,3.00,54.66,42.20
"2021-05-11 05:43:45",68.97,11.20,3.00,54.77,42.20
"2021-04-22 05:31:39",69.12,11.20,3.00,54.92,42.60
"2021-04-20 05:41:18",68.70,11.40,3.00,54.30,41.60
"2021-04-17 07:30:44",69.19,11.20,3.00,54.98,42.40
"2021-04-11 06:21:32",66.95,10.80,3.00,53.14,40.40
"2021-03-14 08:00:00",67.75,11.00,3.00,53.74,41.20
"2021-03-01 07:40:02",66.19,10.60,3.00,52.59,39.80
"2021-02-25 06:58:37",66.44,10.00,3.00,53.43,41.20
"2021-02-24 06:56:46",66.01,10.20,3.00,52.80,40.40
"2021-02-05 06:25:41",66.23,10.00,3.00,53.22,40.80
"2021-01-24 08:29:34",65.31,10.00,3.00,52.30,40.00
"2021-01-12 06:53:11",65.98,10.00,3.00,52.98,40.59
"2021-01-06 07:51:59",66.31,10.40,3.00,52.90,40.20
"2020-10-07 06:17:22",68.52,11.40,3.00,54.12,41.60
"2020-10-06 05:42:02",67.62,10.20,3.00,54.41,42.40
"2020-10-05 06:46:13",67.56,10.00,3.00,54.55,42.60
"2020-10-01 05:52:04",66.81,10.40,3.00,53.40,41.00
"2020-09-30 07:28:31",66.74,10.40,3.00,53.33,41.00
"2020-09-29 05:52:05",67.11,10.20,3.00,53.90,41.80
"2020-09-23 06:52:08",67.77,10.20,3.00,54.56,42.60
"2020-09-17 05:47:00",67.82,10.00,3.00,54.81,42.80
"2020-09-16 05:36:47",67.26,10.00,3.00,54.26,42.00
"2020-09-15 05:25:59",68.07,10.00,3.20,54.86,43.40
"2020-09-14 05:42:47",67.96,10.00,3.00,54.96,43.00
"2020-09-10 06:47:15",67.39,10.20,3.00,54.18,42.20
"2020-09-09 05:41:27",67.71,10.00,3.00,54.71,43.00
"2020-09-08 06:40:00",67.98,10.20,3.00,54.78,42.80
"2020-09-07 06:31:30",68.20,10.40,3.00,54.79,42.40
"2020-09-06 04:36:25",67.32,10.40,3.00,53.92,41.60
"2020-09-05 07:13:30",67.26,10.40,3.00,53.86,41.60
"2020-09-04 06:37:57",68.27,10.40,3.00,54.87,42.60
"2020-09-03 05:42:35",67.81,9.60,3.20,55.01,43.60
"2020-09-02 05:38:30",67.80,10.40,3.00,54.39,42.20
"2020-08-31 05:11:09",68.26,10.20,3.00,55.05,43.00
"2020-08-30 06:50:15",67.68,10.40,3.00,54.28,41.80
"2020-08-29 06:59:19",68.17,10.60,3.00,54.56,42.40
"2020-08-26 05:00:16",68.40,10.40,3.20,54.79,43.00
"2020-08-25 05:43:56",68.26,10.20,3.20,54.86,43.00
"2020-08-23 06:42:26",67.72,10.40,3.00,54.32,42.00
"2020-08-22 05:41:46",67.10,10.00,3.00,54.10,42.00
"2020-08-21 05:44:15",68.05,10.20,3.00,54.84,42.60
"2020-08-17 05:42:58",67.94,9.60,3.20,55.14,44.00
"2020-08-16 06:16:49",67.26,9.60,3.00,54.66,43.00
"2020-08-14 07:56:38",67.32,9.80,3.00,54.51,42.60
"2020-08-13 09:12:51",67.24,9.80,3.00,54.44,42.40
"2020-08-12 07:51:27",68.42,10.20,3.20,55.02,43.20
"2020-08-11 08:04:56",67.34,9.20,3.20,54.94,43.80
"2020-08-11 00:07:31",68.11,8.80,3.20,56.11,46.00
"2020-08-06 05:37:29",69.38,10.60,3.20,55.58,43.60
"2020-08-05 07:32:40",67.62,8.80,3.20,55.62,45.20
"2020-08-04 06:48:09",68.06,10.20,3.00,54.86,43.00
"2020-07-28 05:42:49",68.35,10.00,3.20,55.14,43.60
"2020-07-27 07:05:53",68.52,10.20,3.20,55.12,43.60
"2020-07-25 08:34:57",66.95,10.00,3.00,53.95,41.60
"2020-07-22 07:45:21",67.72,9.80,3.20,54.72,43.20
"2020-07-21 05:23:47",67.87,9.80,3.20,54.86,43.40
"2020-07-20 05:45:40",67.70,10.00,3.00,54.70,42.60
"2020-07-16 05:40:35",67.45,10.40,3.00,54.05,41.80
"2020-07-15 05:47:47",67.85,10.20,3.00,54.64,42.60
"2020-07-13 05:28:44",67.53,10.20,3.00,54.33,42.20
"2020-07-10 07:21:03",67.38,10.60,3.00,53.78,41.40
"2020-07-07 06:16:06",67.86,10.40,3.00,54.46,42.20
"2020-07-06 06:29:13",68.46,10.80,3.00,54.66,42.20
"2020-07-03 05:22:16",67.95,10.80,3.00,54.15,41.60
"2020-06-30 05:11:00",68.75,11.20,3.00,54.54,42.00
"2020-06-26 05:35:59",68.41,10.60,3.00,54.80,42.40
"2020-06-25 08:16:25",68.31,11.00,3.00,54.31,41.60
"2020-06-24 07:49:11",68.96,11.60,3.00,54.36,41.60
"2020-06-23 06:27:36",69.20,11.80,3.00,54.39,41.40
"2020-06-20 07:51:12",69.08,11.80,3.00,54.28,41.40
"2020-06-18 05:32:08",69.54,11.20,3.20,55.13,42.80
"2020-06-17 05:12:23",69.62,11.60,3.00,55.01,42.20
"2020-06-16 05:49:42",68.55,11.60,3.00,53.95,41.00
"2020-06-15 05:32:44",68.34,11.20,3.00,54.13,41.60
"2020-06-13 05:02:49",69.01,11.00,3.00,55.01,42.60
"2020-06-12 05:51:34",69.27,11.20,3.00,55.07,42.40
"2020-06-11 05:15:39",68.57,11.00,3.00,54.56,42.20
"2020-06-10 05:11:43",69.13,11.20,3.00,54.93,42.40
"2020-06-09 04:48:06",69.58,11.40,3.00,55.17,42.60
"2020-06-08 04:59:38",70.77,12.40,3.00,55.37,42.40
"2020-06-07 07:24:52",69.20,12.00,3.00,54.19,41.20
"2020-06-06 07:25:55",69.10,11.00,3.00,55.09,42.60
"2020-06-05 05:08:01",68.91,11.00,3.00,54.91,42.40
"2020-06-04 05:00:03",68.50,11.40,3.00,54.09,41.20
"2020-06-03 05:05:11",69.05,10.80,3.20,55.05,42.80
"2020-06-02 06:05:11",69.54,10.60,3.20,55.74,43.80
"2020-06-01 04:49:32",68.48,11.00,3.00,54.47,41.80
"2020-05-31 06:42:08",68.01,10.80,3.00,54.20,41.80
"2020-05-30 05:23:24",68.87,11.40,3.00,54.46,41.80
"2020-05-29 05:43:35",68.63,11.00,3.00,54.63,42.00
"2020-05-28 05:00:37",68.52,10.40,3.20,54.92,43.00
"2020-05-27 04:58:56",68.57,10.60,3.00,54.96,42.60
"2020-05-26 05:11:45",68.38,10.60,3.00,54.77,42.40
"2020-05-25 05:12:05",68.80,11.60,3.00,54.19,41.20
"2020-05-24 06:12:51",70.35,12.40,3.00,54.95,42.00
"2020-05-23 04:42:03",68.94,11.60,3.00,54.33,41.60
"2020-05-22 05:35:01",68.49,11.60,3.00,53.88,41.00
"2020-05-21 04:45:52",68.47,11.00,3.00,54.46,41.80
"2020-05-20 04:56:17",68.67,11.40,3.00,54.26,41.40
"2020-05-19 05:12:47",69.50,11.20,3.20,55.09,42.80
"2020-05-18 05:09:01",68.98,10.80,3.00,55.18,42.80
"2020-05-17 04:56:05",68.85,10.60,3.20,55.04,43.00
"2020-05-16 06:15:02",68.03,11.20,3.00,53.83,41.00
"2020-05-15 05:58:15",67.53,11.00,3.00,53.52,41.00
"2020-05-14 05:28:05",67.65,11.40,3.00,53.24,40.40
"2020-05-13 05:47:14",68.52,11.20,3.00,54.31,41.60
"2020-05-12 05:27:43",68.15,10.80,3.00,54.34,41.80
"2020-05-11 04:56:51",68.76,10.80,3.00,54.96,42.60
"2020-05-10 06:50:27",67.78,10.40,3.00,54.37,42.20
"2020-05-09 06:14:57",68.65,11.00,3.00,54.64,42.00
"2020-05-08 05:27:33",67.75,10.80,3.00,53.94,41.60
"2020-05-07 05:54:09",67.27,11.00,3.00,53.27,40.59
"2020-05-06 07:37:03",68.28,11.20,3.00,54.08,41.40
"2020-05-05 05:47:47",68.95,11.20,3.00,54.75,42.20
"2020-05-04 09:02:49",67.80,11.20,3.00,53.60,41.00
"2020-05-03 07:37:48",67.66,10.60,3.00,54.06,41.60
"2020-05-02 08:03:08",67.85,10.40,3.00,54.44,42.20
"2020-05-01 08:48:57",67.95,11.40,3.00,53.55,40.80
"2020-04-30 10:05:56",67.71,10.60,3.00,54.11,41.60
"2020-04-29 09:55:36",68.07,10.80,3.00,54.26,41.60
"2020-04-28 07:29:07",67.99,11.00,3.00,53.98,41.40
"2020-04-27 09:21:13",68.57,11.40,3.00,54.17,41.60
"2020-04-26 07:29:19",68.42,10.80,3.00,54.62,42.00
"2020-04-24 08:38:20",67.26,11.00,3.00,53.25,40.59
"2020-04-23 07:30:22",67.45,11.20,3.00,53.24,40.40
"2020-04-22 08:06:08",67.67,11.20,3.00,53.46,40.59
"2020-04-21 06:22:25",68.98,11.40,3.00,54.57,41.80
"2020-04-20 06:57:56",69.17,11.00,3.20,54.96,42.80
"2020-04-17 06:22:11",67.31,11.20,3.00,53.11,40.40
"2020-04-16 06:32:32",67.97,11.60,3.00,53.36,40.40
"2020-04-14 06:50:52",68.67,11.40,3.00,54.26,41.60
"2020-04-11 05:46:05",68.63,11.20,3.00,54.43,41.60
"2020-04-10 07:29:52",68.90,11.80,3.00,54.09,41.20
"2020-04-08 06:52:13",68.61,11.80,3.00,53.80,41.00
"2020-04-07 05:15:33",70.04,12.00,3.00,55.04,42.00
"2020-04-01 06:51:56",68.57,11.80,3.00,53.76,40.80
"2020-03-31 06:30:10",69.37,11.80,3.00,54.57,41.80
"2020-03-26 06:49:03",69.10,12.00,3.00,54.10,41.00
"2020-03-17 06:51:13",68.86,12.20,3.00,53.66,40.80
"2020-03-16 06:40:40",69.18,12.00,3.00,54.17,41.20
"2020-02-21 07:19:52",67.41,11.00,3.00,53.41,40.59
"2020-02-19 06:41:59",67.87,11.40,3.00,53.47,40.59
"2020-02-17 06:48:49",69.13,11.20,3.00,54.93,42.40
"2020-02-12 07:02:13",69.00,11.20,3.00,54.80,42.20
"2020-02-06 06:59:19",67.95,11.60,3.00,53.34,40.59
"2020-02-05 07:32:43",67.66,10.80,3.00,53.86,41.40
"2020-02-03 05:39:19",69.28,11.20,3.00,55.07,42.60
"2020-01-31 07:22:50",69.72,12.20,3.00,54.51,41.60
"2020-01-29 07:38:34",68.10,11.20,3.00,53.90,41.20
"2020-01-28 07:51:43",68.60,11.20,3.00,54.40,41.80
"2020-01-26 07:17:31",69.70,11.20,3.20,55.30,43.00
"2020-01-25 07:50:25",69.80,11.40,3.20,55.19,42.80
"2020-01-24 07:54:26",68.72,11.00,3.00,54.71,42.20
"2020-01-22 05:36:53",68.73,11.00,3.00,54.72,42.00
"2020-01-21 06:39:44",68.82,11.00,3.00,54.81,42.20
"2020-01-20 05:46:44",69.00,11.00,3.00,55.00,42.40
"2020-01-17 06:01:06",68.43,10.60,3.00,54.82,42.40
"2020-01-16 06:09:45",67.67,10.80,3.00,53.87,41.20
"2020-01-15 06:29:14",67.56,10.80,3.00,53.75,41.20
"2020-01-14 07:20:14",67.35,10.60,3.00,53.74,41.40
"2020-01-13 07:17:27",67.87,11.40,3.00,53.47,40.59
"2020-01-12 07:34:42",67.46,10.60,3.00,53.85,41.40
"2020-01-11 08:08:35",66.53,10.60,3.00,52.92,40.40
"2020-01-10 07:38:12",67.70,10.40,3.00,54.30,41.80
"2020-01-09 07:18:06",68.15,10.60,3.00,54.55,42.00
"2020-01-08 07:14:33",68.69,11.20,3.00,54.49,42.00
"2020-01-05 08:24:37",68.72,11.40,3.00,54.31,41.60
"2020-01-04 07:16:55",68.54,11.20,3.00,54.34,41.60
"2020-01-03 08:49:23",67.81,11.60,3.00,53.21,40.40
"2020-01-02 07:13:25",68.66,11.20,3.00,54.45,41.80
"2020-01-01 08:15:53",68.44,11.40,3.00,54.04,41.20
"2019-12-31 10:49:02",67.86,10.80,3.00,54.05,41.60
"2019-12-11 07:53:33",67.02,10.40,3.00,53.62,41.20
"2019-11-20 07:49:50",64.61,9.80,3.00,51.81,39.20
"2019-11-01 06:28:47",64.53,9.39,3.00,52.12,39.80
"2019-10-31 07:55:27",64.68,9.20,3.00,52.48,40.40
"2019-10-30 05:50:34",65.25,9.80,3.00,52.44,40.20
"2019-10-29 07:15:48",66.75,8.00,3.20,55.54,46.40
"2019-10-28 07:47:45",65.22,9.20,3.00,53.02,41.20
"2019-10-24 05:42:48",66.21,9.80,3.00,53.40,41.40
"2019-10-23 08:04:23",66.45,10.20,3.00,53.24,41.00
"2019-10-18 07:30:30",65.33,9.60,3.00,52.72,40.59
"2019-10-17 06:51:23",66.05,10.00,3.00,53.05,40.80
"2019-10-16 06:17:10",66.53,10.00,3.00,53.52,41.20
"2019-10-11 06:23:46",66.86,9.60,3.00,54.25,42.20
"2019-10-10 05:23:31",66.77,10.40,3.00,53.37,41.00
"2019-10-08 05:49:47",66.84,9.60,3.00,54.23,42.40
"2019-10-07 06:46:57",65.90,9.60,3.00,53.29,41.20
"2019-10-03 06:46:57",66.19,9.80,3.00,53.38,41.40
"2019-10-02 05:33:01",66.55,9.80,3.00,53.74,41.80
"2019-09-30 06:51:49",65.95,9.20,3.00,53.74,42.00
"2019-09-27 07:32:57",66.22,9.39,3.00,53.82,42.00
"2019-09-26 07:28:29",66.37,10.00,3.00,53.36,41.20
"2019-09-25 07:07:30",66.04,8.39,3.20,54.43,43.80
"2019-09-24 05:31:33",67.28,8.80,3.20,55.27,44.60
"2019-09-23 06:57:31",66.79,8.80,3.20,54.78,44.20
"2019-09-22 05:23:43",66.41,9.60,3.00,53.81,42.00
"2019-09-21 06:42:09",66.14,9.00,3.00,54.13,42.80
"2019-09-20 05:57:39",66.88,9.60,3.00,54.28,42.40
"2019-09-19 05:34:40",67.76,9.20,3.20,55.35,44.60
"2019-09-18 05:34:37",67.44,8.39,3.20,55.83,46.00
"2019-09-17 06:57:51",66.32,7.80,3.20,55.32,46.40
"2019-09-14 06:04:01",66.04,9.60,3.00,53.43,41.40
"2019-09-13 08:03:12",64.90,9.39,3.00,52.49,40.40
"2019-09-12 05:52:02",65.72,8.00,3.20,54.51,44.80
"2019-09-11 05:55:02",66.49,8.00,3.20,55.28,46.00
"2019-09-10 05:28:18",66.96,8.39,3.20,55.36,45.20
"2019-09-09 06:27:43",66.41,8.20,3.20,55.00,45.20
"2019-09-08 08:06:09",65.96,8.20,3.20,54.56,44.20
"2019-09-07 07:27:49",66.53,9.00,3.00,54.52,43.40
"2019-09-06 05:42:39",66.13,8.60,3.00,54.53,43.40
"2019-09-05 05:37:58",66.54,8.39,3.20,54.94,44.80
"2019-09-04 05:49:29",67.89,9.00,3.20,55.69,45.00
"2019-09-03 05:54:05",67.83,8.60,3.20,56.02,46.00
"2019-09-02 05:24:16",68.64,9.60,3.20,55.83,44.80
"2019-08-30 06:05:30",67.52,8.80,3.20,55.51,45.00
"2019-08-27 05:39:00",68.40,9.00,3.20,56.20,45.80
"2019-08-26 05:44:12",67.13,8.39,3.20,55.53,45.60
"2019-08-22 05:52:42",66.83,8.20,3.20,55.42,46.00
"2019-08-21 05:51:01",67.18,8.39,3.20,55.58,45.80
"2019-08-20 07:01:57",67.17,8.39,3.20,55.56,45.40
"2019-08-19 06:56:55",67.75,7.80,3.40,56.54,48.20
"2019-08-18 08:00:16",67.99,8.60,3.20,56.19,46.20
"2019-07-11 06:28:47",65.95,8.20,3.20,54.54,44.20
"2019-07-06 11:31:46",64.43,7.20,3.20,54.02,45.00
"2019-07-05 06:53:39",65.31,7.00,3.20,55.11,47.20
"2019-07-03 06:50:14",65.17,6.80,3.20,55.16,48.20
"2019-07-02 06:46:16",65.21,7.00,3.20,55.01,47.40
"2019-06-21 04:54:31",65.05,8.80,3.00,53.24,41.80
"2019-06-20 05:32:47",64.80,8.60,3.00,53.19,41.60
"2019-06-05 05:01:42",64.00,8.39,3.00,52.60,41.20
"2019-06-03 08:06:55",64.90,8.80,3.00,53.09,41.40
"2019-05-31 05:41:52",63.71,8.00,3.00,52.70,41.60
"2019-05-30 04:47:03",64.09,8.00,3.00,53.08,42.20
"2019-05-29 05:15:20",64.21,7.80,3.00,53.40,43.00
"2019-05-28 05:14:36",64.68,8.00,3.00,53.67,42.80
"2019-05-27 05:16:02",64.37,8.39,3.00,52.97,41.40
"2019-05-26 06:20:23",62.12,7.80,2.80,51.51,39.59
"2019-05-25 06:26:23",62.94,8.00,3.00,51.94,40.59
"2019-05-24 05:20:48",63.48,8.39,3.00,52.07,40.59
"2019-05-23 05:46:57",63.20,7.60,3.00,52.59,41.60
"2019-05-22 05:45:32",64.30,8.20,3.00,53.09,42.00
"2019-05-20 05:27:20",63.77,8.20,3.00,52.56,41.20
"2019-05-17 05:37:20",64.46,8.39,3.00,53.05,41.60
"2019-05-16 05:28:01",65.06,8.80,3.00,53.26,41.80
"2019-05-14 05:31:26",64.93,8.39,3.00,53.53,42.20
"2019-05-13 05:33:59",63.39,8.20,3.00,52.18,40.40
"2019-05-12 06:30:45",64.00,8.80,3.00,52.19,40.20
"2019-05-11 06:04:27",64.41,8.80,3.00,52.60,41.00
"2019-05-10 05:51:53",64.57,8.80,3.00,52.77,41.00
"2019-05-08 05:40:59",65.27,8.80,3.00,53.47,42.20
"2019-05-07 05:28:03",65.28,8.80,3.00,53.48,42.00
"2019-05-01 07:05:50",64.75,8.39,3.00,53.34,42.20
"2019-04-30 08:42:50",63.86,8.20,3.00,52.65,41.20
"2019-04-26 05:44:05",64.22,8.80,3.00,52.42,40.80
"2019-04-25 05:03:37",64.71,8.60,3.00,53.10,41.60
"2019-04-24 05:26:39",64.62,8.60,3.00,53.01,41.60
"2019-04-22 06:41:20",64.93,8.60,3.00,53.33,42.20
"2019-04-19 05:23:13",63.15,8.20,3.00,51.94,40.20
"2019-04-18 04:51:31",63.65,8.39,3.00,52.24,40.59
"2019-04-17 05:23:45",64.92,8.80,3.00,53.12,41.60
"2019-04-15 06:12:38",63.76,8.20,3.00,52.55,41.40
"2019-04-11 06:14:21",64.21,8.60,3.00,52.61,41.00
"2019-04-10 06:34:54",63.57,8.39,3.00,52.16,40.59
"2019-04-09 05:59:52",64.07,8.60,3.00,52.46,40.59
"2019-04-08 07:36:58",63.67,8.60,3.00,52.06,40.40
"2019-04-07 09:16:48",63.87,9.00,3.00,51.87,39.80
"2019-04-04 06:58:46",64.80,8.80,3.00,53.00,41.40
"2019-04-03 06:53:35",65.40,8.80,3.00,53.60,42.00
"2019-04-02 06:54:33",64.61,8.80,3.00,52.81,41.00
"2019-03-27 07:16:47",65.94,10.00,3.00,52.93,40.59
"2019-03-25 08:03:13",64.45,8.39,3.00,53.04,41.60
"2019-03-22 06:54:52",64.15,9.20,3.00,51.94,39.80
"2019-03-18 07:33:07",65.24,9.60,3.00,52.64,40.40
"2019-03-08 07:31:26",65.45,9.60,3.00,52.84,40.59
"2019-03-06 07:13:02",65.48,9.39,3.00,53.08,41.00
"2019-02-22 06:26:59",65.61,9.20,3.00,53.40,41.80
"2019-02-20 07:01:40",65.24,9.39,3.00,52.83,40.80
"2019-02-18 06:47:55",64.52,9.20,3.00,52.31,40.20
"2019-02-15 07:04:15",64.19,9.00,3.00,52.18,40.00
"2019-02-14 06:45:17",64.90,9.00,3.00,52.89,41.20
"2019-02-12 06:50:24",64.22,9.00,3.00,52.22,40.20
"2019-02-08 06:38:59",65.12,9.39,3.00,52.72,40.59
"2019-02-06 06:15:59",65.17,9.20,3.00,52.97,41.00
"2019-02-05 06:46:02",65.71,9.20,3.00,53.51,41.80
"2019-02-04 05:58:21",65.49,9.20,3.00,53.28,41.40
"2019-02-01 06:47:51",65.60,9.20,3.00,53.39,41.60
"2019-01-31 06:18:33",65.10,9.00,3.00,53.09,41.40
"2019-01-28 08:04:55",64.72,9.20,3.00,52.51,40.40
"2019-01-26 07:24:03",64.61,9.20,3.00,52.41,40.40
"2019-01-25 06:40:04",64.84,9.00,3.00,52.84,40.80
"2019-01-23 07:45:24",64.27,9.00,3.00,52.27,40.40
"2019-01-19 07:29:22",65.61,9.20,3.00,53.41,41.60
"2019-01-17 07:21:36",64.93,9.00,3.00,52.92,41.00
"2019-01-16 06:47:10",64.95,9.20,3.00,52.75,40.80
"2019-01-15 06:26:57",65.51,9.20,3.00,53.31,41.40
"2019-01-11 06:18:31",65.91,9.60,3.00,53.31,41.20
"2019-01-10 07:08:24",65.14,9.39,3.00,52.74,40.59
"2019-01-09 06:04:57",65.28,9.00,3.00,53.28,41.40
"2019-01-08 06:20:42",66.18,9.60,3.00,53.57,41.60
"2019-01-07 06:03:34",66.14,9.60,3.00,53.53,41.40
"2019-01-03 10:13:56",64.86,9.20,3.00,52.65,40.80
"2018-12-04 05:40:53",65.65,9.00,3.00,53.65,41.80
"2018-11-26 06:00:23",65.59,8.60,3.00,53.98,42.80
"2018-11-22 06:07:46",65.02,8.80,3.00,53.22,41.60
"2018-11-20 06:42:07",64.05,8.39,3.00,52.65,41.00
"2018-11-19 06:09:16",63.89,8.60,3.00,52.29,40.40
"2018-11-13 05:52:36",65.65,9.00,3.00,53.65,42.20
"2018-11-12 06:07:38",64.48,8.80,3.00,52.68,41.00
"2018-11-08 05:55:45",64.15,9.00,3.00,52.15,40.20
"2018-11-07 07:26:07",64.16,8.80,3.00,52.36,40.59
"2018-11-06 05:35:12",64.63,8.80,3.00,52.82,41.00
"2018-11-02 05:51:36",63.94,8.60,3.00,52.34,40.40
"2018-11-01 05:54:10",64.24,8.80,3.00,52.44,40.59
"2018-10-31 05:01:38",65.01,8.60,3.00,53.41,42.20
"2018-10-30 05:36:54",65.71,8.80,3.00,53.91,42.40
"2018-10-29 05:36:04",65.17,9.20,3.00,52.97,41.20
"2018-10-25 07:05:16",64.49,8.80,3.00,52.69,41.00
"2018-10-13 06:34:17",65.41,9.80,3.00,52.60,40.40
"2018-10-10 07:41:48",64.06,9.20,3.00,51.86,39.80
"2018-10-09 06:00:05",64.65,9.20,3.00,52.45,40.40
"2018-10-08 07:37:31",64.39,9.00,3.00,52.39,40.20
"2018-10-06 07:58:58",65.05,9.00,3.00,53.05,41.40
"2018-10-04 04:28:04",65.51,9.39,3.00,53.11,41.20
"2018-10-03 05:51:32",65.66,9.20,3.00,53.46,41.40
"2018-10-02 06:01:50",65.05,9.00,3.00,53.04,41.20
"2018-09-30 04:11:16",64.61,9.39,3.00,52.20,39.80
"2018-09-29 08:43:52",64.38,9.20,3.00,52.17,40.00
"2018-09-28 05:52:59",65.28,9.20,3.00,53.07,41.20
"2018-09-27 07:35:26",65.16,9.39,3.00,52.76,40.40
"2018-09-26 07:18:00",65.47,9.00,3.00,53.46,41.60
"2018-09-25 05:57:03",64.97,8.80,3.00,53.16,41.40
"2018-09-24 08:06:22",64.43,9.00,3.00,52.42,40.40
"2018-09-23 06:56:40",64.39,9.20,3.00,52.19,40.00
"2018-09-21 07:23:56",65.26,9.39,3.00,52.85,40.59
"2018-09-20 06:01:05",65.04,9.20,3.00,52.83,41.00
"2018-09-19 05:14:18",64.74,8.60,3.00,53.13,41.40
"2018-09-18 05:27:23",64.79,9.00,3.00,52.78,40.80
"2018-09-17 05:56:07",63.76,8.80,3.00,51.96,40.00
"2018-09-16 07:29:06",64.11,9.20,3.00,51.90,39.59
"2018-09-15 06:03:36",63.89,9.00,3.00,51.88,39.59
"2018-09-14 07:07:52",63.95,9.20,3.00,51.74,39.59
"2018-09-13 05:44:06",65.16,9.20,3.00,52.96,40.80
"2018-09-12 07:32:10",65.88,9.60,3.00,53.28,41.20
"2018-09-11 05:54:03",65.93,8.80,3.00,54.13,42.80
"2018-09-10 04:30:25",66.34,9.39,3.00,53.94,42.00
"2018-09-09 05:52:36",65.00,9.00,3.00,53.00,41.20
"2018-09-08 05:19:30",66.55,9.60,3.00,53.95,41.80
"2018-09-07 05:06:32",66.18,9.39,3.00,53.78,42.00
"2018-09-06 07:07:51",66.14,9.60,3.00,53.54,41.40
"2018-09-05 05:51:01",66.73,9.39,3.00,54.32,42.40
"2018-09-04 06:19:19",66.34,9.20,3.00,54.13,42.40
"2018-09-03 05:39:06",65.95,9.39,3.00,53.54,41.40
"2018-09-02 07:14:13",65.72,9.39,3.00,53.32,41.20
"2018-09-01 05:19:52",66.44,9.60,3.00,53.83,41.60
"2018-08-31 04:27:23",66.68,10.00,3.00,53.67,41.60
"2018-08-30 05:28:47",67.14,10.00,3.00,54.14,42.00
"2018-08-29 06:04:05",66.93,9.60,3.00,54.33,42.40
"2018-08-28 04:49:08",67.22,9.80,3.00,54.41,42.40
"2018-08-27 05:20:39",67.13,9.80,3.00,54.33,42.20
"2018-08-26 07:23:45",66.48,9.60,3.00,53.87,41.80
"2018-08-25 06:05:00",66.71,9.80,3.00,53.91,42.00
"2018-08-24 07:27:10",66.41,10.20,3.00,53.20,40.80
"2018-08-23 04:54:03",67.42,10.20,3.00,54.22,41.80
"2018-08-22 05:28:50",67.97,10.40,3.00,54.56,42.40
"2018-08-21 05:39:25",67.87,10.00,3.00,54.86,42.80
"2018-08-20 05:31:50",66.93,10.00,3.00,53.92,41.60
"2018-08-19 07:45:10",67.04,10.40,3.00,53.64,41.40
"2018-08-18 05:09:20",67.16,10.40,3.00,53.75,41.40
"2018-08-17 07:59:49",66.75,10.20,3.00,53.54,41.20
"2018-08-16 06:37:27",65.69,10.00,3.00,52.69,40.20
"2018-08-15 06:23:42",66.40,10.80,3.00,52.60,40.00
"2018-08-07 05:32:08",69.39,10.20,3.20,55.99,44.20
"2018-08-06 06:39:06",68.41,10.80,3.00,54.60,42.20
"2018-08-05 06:07:43",66.79,10.60,3.00,53.18,40.59
"2018-08-01 06:01:24",68.54,10.80,3.00,54.74,42.40
"2018-07-30 07:15:34",68.72,11.40,3.00,54.32,41.40
"2018-07-27 06:18:37",68.48,10.40,3.00,55.08,42.80
"2018-07-26 06:00:08",68.60,10.60,3.00,54.99,42.60
"2018-07-25 06:59:57",68.48,10.60,3.00,54.88,42.40
"2018-07-24 06:46:16",68.96,10.40,3.20,55.36,43.40
"2018-07-23 05:07:16",68.69,10.60,3.00,55.09,42.80
"2018-07-22 07:25:51",68.77,11.20,3.00,54.56,41.80
"2018-07-21 07:46:00",68.70,11.00,3.00,54.69,42.00
"2018-07-20 05:28:04",69.23,10.80,3.20,55.22,43.20
"2018-07-19 05:50:37",68.69,10.40,3.20,55.09,43.00
"2018-07-18 05:50:16",69.14,10.60,3.20,55.34,43.20
"2018-07-17 05:26:03",70.08,11.00,3.20,55.87,43.60
"2018-07-16 06:57:19",69.40,10.20,3.20,55.99,44.20
"2018-07-12 06:46:05",69.51,10.60,3.20,55.71,43.80
"2018-07-11 06:08:03",69.64,10.60,3.20,55.83,43.80
"2018-07-10 05:57:37",68.94,10.40,3.20,55.33,43.40
"2018-07-09 05:46:28",68.61,11.40,3.00,54.20,41.60
"2018-07-08 07:52:12",67.75,10.80,3.00,53.94,41.20
"2018-07-03 06:02:08",68.93,10.60,3.20,55.12,43.20
"2018-07-02 05:36:57",69.19,10.60,3.20,55.38,43.20
"2018-07-01 06:33:15",67.92,10.20,3.00,54.71,42.40
"2018-06-30 07:51:49",68.40,10.80,3.00,54.59,42.20
"2018-06-24 09:03:02",67.91,10.40,3.00,54.51,42.00
"2018-06-15 05:50:58",68.69,10.80,3.00,54.89,42.40
"2018-06-12 07:07:46",67.98,10.20,3.00,54.78,42.60
"2018-06-11 06:49:40",68.51,10.40,3.00,55.11,43.00
"2018-06-10 06:18:18",67.74,10.40,3.00,54.33,42.00
"2018-06-09 06:08:00",66.95,10.20,3.00,53.74,41.20
"2018-06-08 05:48:40",67.81,10.60,3.00,54.20,41.80
"2018-06-07 05:59:07",68.47,10.40,3.00,55.06,42.80
"2018-06-06 06:43:04",68.76,10.20,3.20,55.35,43.40
"2018-06-05 05:36:05",68.10,10.20,3.00,54.90,42.60
"2018-06-04 04:52:23",67.48,10.20,3.00,54.28,42.20
"2018-06-03 07:00:07",66.77,10.20,3.00,53.56,41.20
"2018-06-02 05:31:38",68.59,10.60,3.00,54.99,42.60
"2018-06-01 05:07:38",67.79,10.20,3.00,54.58,42.40
"2018-05-30 04:42:50",67.29,10.00,3.00,54.29,42.00
"2018-05-28 05:08:56",69.03,10.80,3.20,55.03,43.00
"2018-05-27 04:09:29",67.96,10.60,3.00,54.35,41.80
"2018-05-25 05:37:25",68.87,11.00,3.00,54.86,42.20
"2018-05-23 07:00:27",68.68,10.80,3.00,54.88,42.40
"2018-05-22 05:37:47",68.89,10.80,3.00,55.09,42.80
"2018-05-21 06:47:56",67.44,10.20,3.00,54.24,42.20
"2018-05-18 05:21:48",69.12,10.40,3.20,55.52,43.60
"2018-05-17 05:17:53",69.81,10.40,3.20,56.20,44.40
"2018-05-16 05:23:14",69.07,10.80,3.20,55.07,42.80
"2018-05-15 05:44:56",68.14,10.60,3.00,54.53,42.20
"2018-05-14 07:24:07",67.93,10.60,3.00,54.33,42.00
"2018-05-13 07:45:59",66.72,10.80,3.00,52.92,40.20
"2018-05-12 08:35:09",66.95,10.80,3.00,53.15,40.40
"2018-05-09 07:19:22",68.06,11.20,3.00,53.86,41.20
"2018-05-08 06:35:28",68.12,10.80,3.00,54.31,41.80
"2018-05-07 07:34:04",68.41,10.60,3.00,54.80,42.20
"2018-05-06 06:21:38",68.54,10.80,3.00,54.73,42.00
"2018-05-05 06:18:27",67.84,10.80,3.00,54.04,41.40
"2018-02-21 06:24:05",65.53,8.80,3.00,53.73,42.40
"2018-02-20 06:56:09",65.18,9.00,3.00,53.17,41.40
"2018-02-18 08:04:36",64.89,8.80,3.00,53.09,41.40
"2018-02-17 08:19:20",64.53,8.80,3.00,52.72,41.00
"2018-02-16 07:10:39",63.98,8.39,3.00,52.57,41.00
"2018-02-15 07:21:50",64.06,9.00,3.00,52.05,39.80
"2018-02-14 07:28:33",65.03,8.60,3.00,53.43,42.00
"2018-02-13 07:06:18",64.72,8.80,3.00,52.91,41.20
"2018-02-12 05:54:48",64.46,8.80,3.00,52.65,40.59
"2018-02-09 07:18:15",63.84,8.60,3.00,52.23,40.40
"2018-02-07 07:23:11",64.23,8.60,3.00,52.62,41.00
"2018-02-06 06:43:35",64.51,8.60,3.00,52.90,41.40
"2018-02-05 07:50:37",64.58,8.60,3.00,52.97,41.20
"2018-02-03 07:25:27",63.57,8.00,3.00,52.57,41.20
"2018-02-02 07:30:46",63.59,8.39,3.00,52.18,40.40
"2018-02-01 07:12:36",63.97,8.39,3.00,52.56,41.00
"2018-01-31 06:43:13",63.98,8.39,3.00,52.57,41.20
"2018-01-30 07:50:01",64.29,8.60,3.00,52.68,41.20
"2018-01-29 07:27:33",64.07,8.80,3.00,52.27,40.40
"2018-01-28 08:18:24",63.70,8.60,3.00,52.10,40.20
"2018-01-27 08:37:08",63.58,8.39,3.00,52.18,40.40
"2018-01-26 06:37:08",64.15,8.20,3.00,52.94,41.60
"2018-01-25 07:18:04",63.32,8.20,3.00,52.12,40.59
"2018-01-24 06:46:11",64.03,8.39,3.00,52.62,41.20
"2018-01-23 07:18:10",64.00,8.39,3.00,52.60,41.20
"2018-01-22 07:05:29",64.16,8.20,3.00,52.95,41.80
"2018-01-21 07:20:09",63.32,8.00,3.00,52.31,40.80
"2018-01-20 07:39:42",63.52,8.20,3.00,52.31,41.00
"2018-01-19 07:06:24",63.59,8.20,3.00,52.39,41.00
"2018-01-18 07:28:00",63.56,8.20,3.00,52.35,41.00
"2018-01-17 07:29:50",63.31,8.20,3.00,52.10,40.80
"2018-01-16 05:44:51",63.21,8.00,3.00,52.21,40.80
"2018-01-15 06:42:44",63.08,8.20,3.00,51.88,40.40
"2018-01-14 07:15:04",63.16,8.20,3.00,51.95,40.40
"2018-01-13 07:17:25",63.41,8.20,3.00,52.21,40.80
"2018-01-12 05:48:49",64.30,8.00,3.00,53.30,42.20
"2018-01-11 07:22:59",63.88,8.20,3.00,52.67,41.20
"2018-01-10 05:11:14",64.01,8.20,3.00,52.81,41.60
"2018-01-09 05:09:13",63.62,8.20,3.00,52.41,40.80
"2018-01-08 05:45:42",62.85,8.00,3.00,51.84,40.20
"2018-01-07 06:40:23",64.20,8.60,3.00,52.60,40.80
"2018-01-06 06:33:58",63.53,8.39,3.00,52.13,40.40
"2018-01-05 05:22:19",64.19,8.20,3.00,52.99,41.60
"2018-01-04 07:31:46",63.88,8.20,3.00,52.68,41.20
"2018-01-03 05:51:28",64.49,8.20,3.00,53.28,42.00
"2018-01-02 12:41:00",63.72,7.80,3.00,52.91,41.80
"2017-12-24 07:20:32",63.61,8.39,3.00,52.21,40.40
"2017-12-23 08:32:05",64.59,8.39,3.00,53.18,41.80
"2017-12-22 06:40:18",64.32,8.80,3.00,52.51,40.80
"2017-12-21 06:25:07",64.39,8.60,3.00,52.78,41.20
"2017-12-20 07:21:15",64.62,8.60,3.00,53.02,41.20
"2017-12-19 06:36:37",64.20,8.60,3.00,52.60,41.00
"2017-12-18 23:42:06",64.80,8.60,3.00,53.20,41.80
"2017-12-18 07:23:06",64.13,9.00,3.00,52.13,40.00
"2017-12-17 09:07:46",64.69,9.00,3.00,52.68,40.59
"2017-12-16 07:00:47",65.43,8.80,3.00,53.62,42.20
"2017-12-15 07:05:44",64.84,8.39,3.00,53.44,42.20
"2017-12-14 06:35:58",64.45,9.00,3.00,52.45,40.59
"2017-12-13 05:47:45",64.62,9.00,3.00,52.61,40.40
"2017-12-11 06:07:40",65.18,9.00,3.00,53.18,41.40
"2017-12-10 08:05:06",64.99,9.00,3.00,52.99,41.20
"2017-12-09 08:42:04",64.14,8.60,3.00,52.54,40.80
"2017-12-08 06:01:02",64.31,8.60,3.00,52.70,41.20
"2017-12-07 07:10:49",64.06,8.80,3.00,52.25,40.20
"2017-12-06 07:16:19",64.08,8.80,3.00,52.27,40.20
"2017-12-05 07:34:09",65.76,9.20,3.00,53.55,41.80
"2017-12-04 07:21:22",65.51,9.00,3.00,53.50,41.80
"2017-12-03 08:28:26",65.81,9.60,3.00,53.21,41.20
"2017-12-01 07:06:13",64.84,8.80,3.00,53.03,41.40
"2017-11-30 06:23:46",65.14,9.00,3.00,53.13,41.40
"2017-11-29 06:12:33",64.86,8.80,3.00,53.06,41.20
"2017-11-28 05:49:56",64.83,8.80,3.00,53.02,41.40
"2017-11-27 07:11:31",64.33,8.80,3.00,52.53,40.80
"2017-11-26 07:45:47",63.92,8.80,3.00,52.11,40.20
"2017-11-25 09:05:22",64.10,9.00,3.00,52.10,40.00
"2017-11-24 07:24:48",64.08,9.00,3.00,52.08,39.80
"2017-11-23 07:16:54",65.11,9.00,3.00,53.10,41.20
"2017-11-22 06:53:35",65.05,9.00,3.00,53.05,41.20
"2017-11-21 06:07:14",65.03,8.80,3.00,53.22,41.60
"2017-11-20 07:11:03",64.90,8.60,3.00,53.29,41.60
"2017-11-19 06:36:40",65.10,9.20,3.00,52.89,40.80
"2017-11-18 08:29:03",65.42,5.60,3.00,56.82,42.00
"2017-11-17 06:09:25",64.54,5.60,3.00,55.94,40.80
"2017-11-16 06:08:33",65.27,5.40,3.00,56.86,42.00
"2017-11-15 06:51:17",65.70,5.40,3.00,57.29,42.80
"2017-11-14 07:13:18",65.54,5.40,3.00,57.14,42.60
"2017-11-13 05:58:55",64.49,5.60,3.00,55.89,40.80
"2017-11-12 05:56:22",65.12,5.80,3.00,56.32,41.20
"2017-11-11 08:29:43",64.52,5.40,3.00,56.12,41.20
"2017-11-10 07:12:57",64.44,5.60,3.00,55.84,40.80
"2017-11-09 06:54:43",64.54,5.20,3.00,56.34,41.40
"2017-11-08 07:14:43",64.64,5.40,3.00,56.23,41.40
"2017-11-07 05:24:03",65.57,5.60,3.00,56.96,42.20
"2017-11-06 06:14:21",65.09,5.60,3.00,56.48,41.60
"2017-11-05 05:36:13",63.57,5.40,3.00,55.16,40.20
"2017-11-04 07:18:19",63.42,5.40,3.00,55.01,39.80
"2017-11-03 07:48:29",64.35,5.80,3.00,55.54,40.40
"2017-11-02 06:40:29",64.08,5.40,3.00,55.68,40.59
"2017-10-30 05:47:06",65.50,5.80,3.00,56.69,41.60
"2017-10-29 08:21:26",64.97,5.40,3.00,56.56,41.60
"2017-10-28 08:04:37",64.74,5.40,3.00,56.33,41.40
"2017-10-27 06:11:57",64.54,5.60,3.00,55.93,40.80
"2017-10-26 06:16:56",64.37,5.40,3.00,55.96,40.80
"2017-10-25 06:15:58",65.11,5.80,3.00,56.30,41.40
"2017-10-24 05:48:32",65.56,5.80,3.00,56.76,41.80
"2017-10-23 06:38:27",64.86,5.60,3.00,56.25,41.20
"2017-10-22 08:12:22",64.06,6.00,3.00,55.05,39.59
"2017-10-21 08:22:13",64.39,5.80,3.00,55.58,40.20
"2017-10-20 05:53:02",64.92,5.60,3.00,56.32,41.40
"2017-10-19 06:33:34",64.86,5.80,3.00,56.05,41.00
"2017-10-18 06:00:57",64.44,5.80,3.00,55.63,40.40
"2017-10-17 06:47:19",64.44,5.60,3.00,55.84,40.59
"2017-10-16 07:13:35",64.22,5.40,3.00,55.82,40.80
"2017-10-15 08:44:41",63.98,5.20,3.00,55.77,41.00
"2017-10-14 07:23:46",64.43,5.40,3.00,56.03,41.00
"2017-10-13 06:28:54",64.30,5.40,3.00,55.90,40.80
"2017-10-12 07:23:06",64.20,5.60,3.00,55.59,40.40
"2017-10-11 05:54:45",64.67,5.60,3.00,56.06,40.80
"2017-10-10 05:42:42",65.48,6.00,3.00,56.47,41.20
"2017-10-09 07:50:55",64.57,5.80,3.00,55.77,40.59
"2017-10-08 06:49:41",65.46,6.00,3.00,56.46,41.20
"2017-10-07 06:39:35",65.40,5.60,3.00,56.79,41.80
"2017-10-06 05:27:35",65.13,6.00,3.00,56.12,41.00
"2017-10-05 07:00:11",65.36,6.20,3.00,56.15,40.59
"2017-10-04 05:42:31",65.80,6.20,3.00,56.60,41.00
"2017-10-03 06:11:56",65.07,6.40,3.00,55.67,40.20
"2017-10-02 05:45:25",64.53,5.80,3.00,55.73,40.40
"2017-10-01 06:31:01",64.95,6.00,3.00,55.94,40.59
"2017-09-30 08:21:07",64.83,5.80,3.00,56.03,40.80
"2017-09-29 07:03:17",64.86,6.00,3.00,55.85,40.40
"2017-09-28 06:25:09",65.47,6.20,3.00,56.27,41.00
"2017-09-27 06:29:43",65.81,6.00,3.00,56.80,41.40
"2017-09-26 05:58:16",65.87,6.20,3.00,56.66,41.40
"2017-09-25 06:31:37",65.18,6.00,3.00,56.18,41.00
"2017-09-24 08:18:44",65.11,6.40,3.00,55.70,40.20
"2017-09-23 06:09:12",65.41,6.40,3.00,56.01,40.20
"2017-09-22 05:55:17",65.97,6.20,3.00,56.77,41.20
"2017-09-21 06:47:40",66.56,6.20,3.00,57.36,42.00
"2017-09-20 06:25:46",66.32,6.20,3.00,57.11,42.00
"2017-09-19 07:05:36",66.26,6.20,3.00,57.05,41.80
"2017-09-18 06:57:07",66.65,6.40,3.00,57.24,41.80
"2017-09-17 06:46:53",66.31,6.40,3.00,56.90,41.20
"2017-09-16 07:33:55",66.15,6.40,3.00,56.74,41.20
"2017-09-15 07:03:43",66.13,6.40,3.00,56.72,41.20
"2017-09-14 07:14:48",66.00,6.20,3.00,56.79,41.40
"2017-09-13 06:47:43",66.32,6.20,3.00,57.12,41.60
"2017-09-12 07:30:10",66.07,5.80,3.00,57.26,42.40
"2017-09-11 07:16:48",65.87,6.20,3.00,56.66,41.40
"2017-09-10 07:55:23",66.03,6.40,3.00,56.62,41.00
"2017-09-09 07:24:46",66.27,6.20,3.00,57.07,41.60
"2017-09-08 07:29:17",65.84,6.40,3.00,56.43,41.00
"2017-09-07 07:21:06",65.44,6.40,3.00,56.03,40.59
"2017-09-06 06:53:14",66.15,6.40,3.00,56.75,41.20
"2017-09-05 06:26:05",66.02,5.80,3.00,57.21,42.00
"2017-09-04 06:43:42",66.05,6.00,3.00,57.05,42.00
"2017-09-03 08:22:16",65.59,6.40,3.00,56.18,40.59
"2017-09-02 05:37:16",66.21,6.20,3.00,57.00,41.60
"2017-09-01 06:18:25",65.75,6.40,3.00,56.35,40.80
"2017-08-31 05:23:34",65.60,6.00,3.00,56.60,41.40
"2017-08-30 08:01:09",64.96,5.80,3.00,56.15,41.00
"2017-08-29 03:39:19",66.84,6.20,3.00,57.64,42.40
"2017-08-28 05:38:05",65.91,6.00,3.00,56.91,41.60
"2017-08-27 06:02:51",64.96,6.20,3.00,55.75,40.40
"2017-08-26 06:14:19",65.72,6.20,3.00,56.51,41.20
"2017-08-25 06:35:12",66.10,6.20,3.00,56.89,41.60
"2017-08-24 05:14:58",66.40,6.20,3.00,57.19,42.00
"2017-08-23 22:39:50",67.08,5.60,3.20,58.27,44.20
"2017-08-23 05:12:33",67.40,6.40,3.00,58.00,42.80
"2017-08-22 05:19:57",66.76,6.20,3.00,57.55,42.40
"2017-08-21 07:06:27",66.08,5.60,3.00,57.48,42.60
"2017-08-16 06:27:53",66.59,6.20,3.00,57.38,42.00
"2017-08-15 22:06:20",67.12,5.80,3.20,58.11,43.40
"2017-08-15 09:05:24",66.38,5.60,3.00,57.77,43.00
"2017-08-14 06:06:50",65.46,5.40,3.00,57.05,42.60
"2017-08-12 05:56:40",65.63,6.20,3.00,56.43,41.00
"2017-08-11 21:34:20",66.11,5.40,3.00,57.71,43.20
"2017-08-11 07:58:59",66.22,6.00,3.00,57.22,42.00
"2017-08-10 21:54:34",67.26,5.80,3.20,58.25,43.80
"2017-08-10 05:25:49",66.92,6.60,3.00,57.32,41.80
"2017-08-09 21:22:04",67.86,5.80,3.20,58.85,44.60
"2017-08-09 05:59:02",67.01,6.40,3.00,57.60,42.20
"2017-08-08 22:00:11",67.89,5.80,3.20,58.88,44.40
"2017-08-08 04:28:29",67.39,6.40,3.00,57.99,42.40
"2017-08-07 19:15:38",67.52,5.80,3.20,58.52,43.80
"2017-08-07 05:23:59",66.68,6.40,3.00,57.28,41.80
"2017-08-06 05:30:58",65.79,6.60,3.00,56.19,40.40
"2017-08-05 06:06:24",65.90,6.20,3.00,56.70,41.40
"2017-08-04 20:46:13",66.62,5.80,3.00,57.81,43.00
"2017-08-04 05:06:47",66.23,7.00,3.00,56.23,40.40
"2017-08-03 21:00:23",67.47,6.20,3.00,58.26,43.20
"2017-08-03 06:24:40",66.71,6.60,3.00,57.10,41.40
"2017-08-02 22:31:22",67.42,6.20,3.00,58.22,43.20
"2017-08-02 06:28:28",66.90,6.40,3.00,57.49,42.00
"2017-08-01 22:46:50",67.57,5.80,3.20,58.57,44.00
"2017-08-01 06:08:31",66.89,6.20,3.00,57.69,42.20
"2017-07-31 21:58:48",67.59,6.00,3.20,58.38,43.60
"2017-07-31 05:02:07",67.01,6.80,3.00,57.21,41.60
"2017-07-30 08:50:26",66.66,6.60,3.00,57.05,41.40
"2017-07-29 22:51:23",67.77,6.80,3.00,57.96,42.60
"2017-07-29 07:11:31",67.65,6.40,3.00,58.25,42.80
"2017-07-28 20:29:48",68.43,6.20,3.20,59.03,44.20
"2017-07-28 05:36:47",67.31,6.80,3.00,57.51,41.60
"2017-07-27 22:01:53",67.80,6.20,3.20,58.39,43.60
"2017-07-27 08:02:39",66.97,6.40,3.00,57.56,42.20
"2017-07-26 05:19:40",67.43,7.00,3.00,57.42,41.60
"2017-07-25 20:25:10",67.88,6.40,3.20,58.28,43.20
"2017-07-25 05:25:02",67.35,6.60,3.00,57.75,42.00
"2017-07-24 23:31:03",67.94,6.80,3.00,58.14,42.60
"2017-07-24 05:14:48",67.19,7.00,3.00,57.19,41.20
"2017-07-23 20:39:33",67.90,7.00,3.00,57.89,42.20
"2017-07-23 06:41:37",66.70,7.00,3.00,56.69,40.80
"2017-07-22 20:33:11",67.50,6.60,3.00,57.89,42.40
"2017-07-21 20:17:36",68.20,6.40,3.20,58.60,43.60
"2017-07-21 06:15:13",67.81,6.60,3.00,58.20,42.80
"2017-07-20 21:20:00",68.45,6.00,3.20,59.25,44.80
"2017-07-20 06:17:06",67.09,6.40,3.00,57.68,42.20
"2017-07-19 21:50:30",67.79,6.00,3.20,58.58,43.80
"2017-07-19 05:16:16",66.72,6.80,3.00,56.92,41.40
"2017-07-18 21:52:08",67.29,6.20,3.00,58.09,42.80
"2017-07-18 06:17:15",65.26,6.60,3.00,55.66,40.00
"2017-07-17 19:49:08",66.22,7.00,3.00,56.21,40.20
"2017-07-17 07:12:20",66.28,6.60,3.00,56.67,41.20
"2017-07-16 19:40:40",67.12,6.60,3.00,57.52,42.00
"2017-07-16 07:52:36",67.38,6.80,3.00,57.57,41.80
"2017-07-15 21:48:40",67.84,7.00,3.00,57.84,42.00
"2017-07-15 06:20:20",66.94,6.60,3.00,57.34,41.60
"2017-07-14 05:06:03",67.11,6.80,3.00,57.30,41.60
"2017-07-13 21:39:48",67.56,6.20,3.00,58.36,43.20
"2017-07-13 06:56:49",66.78,7.00,3.00,56.77,40.80
"2017-07-12 21:49:22",67.39,6.20,3.00,58.19,43.20
"2017-07-12 05:17:28",67.27,7.00,3.00,57.27,41.40
"2017-07-11 21:00:44",68.00,5.60,3.20,59.20,44.80
"2017-07-11 05:11:30",67.54,7.00,3.00,57.54,41.80
"2017-07-10 23:12:59",68.06,6.60,3.20,58.26,43.20
"2017-07-10 04:53:04",67.00,6.60,3.00,57.39,41.60
"2017-07-09 20:31:32",67.51,6.80,3.00,57.71,42.00
"2017-07-09 06:03:30",67.24,7.20,3.00,57.04,41.00
"2017-07-08 21:14:00",67.89,7.00,3.00,57.88,42.00
"2017-07-08 05:52:05",67.48,7.60,3.00,56.87,40.80
"2017-07-07 21:10:10",68.19,6.60,3.20,58.39,43.00
"2017-07-07 05:33:33",68.25,7.20,3.00,58.04,42.40
"2017-07-06 21:47:42",68.99,6.40,3.20,59.38,44.60
"2017-07-06 04:29:04",68.39,7.20,3.00,58.19,42.60
"2017-07-05 21:30:20",69.02,6.40,3.20,59.41,44.60
"2017-07-05 04:30:57",68.67,7.40,3.00,58.26,42.40
"2017-07-04 20:27:53",69.45,6.60,3.20,59.65,44.40
"2017-07-04 05:14:38",68.53,6.60,3.20,58.72,43.40
"2017-07-03 22:08:33",69.05,6.20,3.20,59.65,44.80
"2017-07-03 04:52:38",67.61,7.20,3.00,57.40,41.60
"2017-07-02 20:15:05",68.33,7.00,3.00,58.33,42.80
"2017-07-02 06:17:15",67.22,7.60,3.00,56.62,40.59
"2017-07-01 04:58:58",67.61,7.60,3.00,57.00,40.80
"2017-06-30 22:12:38",68.44,6.40,3.20,58.83,44.00
"2017-06-30 07:19:20",67.90,8.00,3.00,56.89,40.80
"2017-06-29 22:14:06",68.42,6.80,3.00,58.61,43.00
"2017-06-29 04:54:49",67.77,7.80,3.00,56.96,40.80
"2017-06-28 21:26:47",68.29,6.60,3.20,58.48,43.40
"2017-06-28 07:15:46",68.50,7.60,3.00,57.89,42.00
"2017-06-27 19:19:32",69.36,7.20,3.20,58.95,43.20
"2017-06-27 04:46:16",68.51,7.80,3.00,57.71,41.60
"2017-06-26 19:35:02",69.20,7.40,3.20,58.59,43.00
"2017-06-26 04:17:04",68.38,7.60,3.00,57.77,41.80
"2017-06-25 22:01:54",68.74,7.40,3.00,58.34,42.40
"2017-06-25 06:22:16",68.33,7.60,3.00,57.72,41.60
"2017-06-24 05:26:32",68.14,8.20,3.00,56.93,40.59
"2017-06-23 23:28:25",68.66,7.60,3.00,58.06,42.00
"2017-06-23 04:42:50",68.45,7.80,3.00,57.64,41.60
"2017-06-22 22:21:01",69.02,7.20,3.20,58.61,43.20
"2017-06-22 05:27:33",68.52,7.80,3.00,57.72,41.60
"2017-06-21 21:21:26",69.01,6.60,3.20,59.21,44.20
"2017-06-21 05:20:24",68.37,7.80,3.00,57.56,41.60
"2017-06-20 21:57:18",68.80,6.80,3.20,58.79,43.40
"2017-06-20 05:03:00",68.86,8.00,3.00,57.85,41.60
"2017-06-19 19:15:44",69.65,7.80,3.00,58.85,42.60
"2017-06-19 07:42:41",68.36,8.00,3.00,57.36,41.20
"2017-06-18 22:47:08",69.18,7.40,3.00,58.78,42.80
"2017-06-18 05:31:59",69.37,8.60,3.00,57.76,41.40
"2017-06-17 05:57:21",69.27,8.20,3.00,58.07,41.80
"2017-06-16 21:53:23",69.72,6.80,3.20,59.71,44.40
"2017-06-16 05:34:13",69.05,8.00,3.00,58.05,41.80
"2017-06-15 22:19:48",69.48,6.40,3.20,59.88,45.00
"2017-06-15 06:18:22",68.81,8.39,3.00,57.41,41.20
"2017-06-14 22:38:45",69.31,7.20,3.20,58.90,43.20
"2017-06-14 05:09:23",69.08,8.20,3.00,57.88,41.60
"2017-06-13 22:17:36",69.70,7.00,3.20,59.50,44.20
"2017-06-13 06:13:57",68.83,8.20,3.00,57.62,41.20
"2017-06-12 22:10:17",69.38,6.60,3.20,59.57,44.40
"2017-06-12 05:02:59",69.25,8.60,3.00,57.64,41.40
"2017-06-11 21:48:40",69.78,8.20,3.00,58.57,42.20
"2017-06-11 06:52:31",69.54,8.39,3.00,58.13,41.60
"2017-06-10 21:15:14",70.11,8.20,3.20,58.70,42.60
"2017-06-10 05:50:16",69.88,8.80,3.00,58.08,41.80
"2017-06-09 06:01:12",69.55,8.60,3.00,57.94,41.60
"2017-06-08 23:40:32",70.23,8.20,3.20,58.82,42.60
"2017-06-08 06:20:32",69.87,8.60,3.00,58.27,42.00
"2017-06-07 22:09:29",70.63,7.00,3.20,60.43,45.00
"2017-06-07 05:44:56",70.22,8.39,3.00,58.82,42.40
"2017-06-06 23:35:59",71.00,7.60,3.20,60.19,44.40
"2017-06-06 04:43:29",70.46,8.60,3.00,58.85,42.20
"2017-06-05 20:47:05",71.17,8.39,3.20,59.57,43.40
"2017-06-05 06:51:41",70.22,8.60,3.00,58.61,42.00
"2017-06-04 21:20:51",71.08,8.60,3.20,59.28,43.00
"2017-06-04 04:20:08",69.94,9.20,3.00,57.74,41.20
"2017-06-03 05:05:53",70.46,8.80,3.00,58.65,42.20
"2017-06-02 23:59:03",70.99,7.60,3.20,60.19,44.40
"2017-06-02 05:28:21",70.73,8.80,3.00,58.92,42.40
"2017-06-01 21:48:57",71.46,7.80,3.20,60.45,44.80
"2017-06-01 05:52:05",70.71,8.60,3.20,58.90,42.60
"2017-05-31 22:11:47",71.45,7.00,3.20,61.24,46.00
"2017-05-31 04:58:46",71.43,8.60,3.20,59.63,43.40
"2017-05-30 23:00:32",71.96,7.80,3.20,60.96,45.20
"2017-05-30 05:05:21",70.58,8.80,3.00,58.78,42.20
"2017-05-29 20:41:25",71.14,8.60,3.20,59.33,43.00
"2017-05-29 06:45:49",70.26,8.80,3.00,58.46,42.00
"2017-05-28 20:54:02",70.86,8.00,3.20,59.66,43.80
"2017-05-28 05:58:24",69.39,9.60,3.00,56.78,40.20
"2017-05-27 22:04:38",69.93,8.60,3.00,58.33,41.80
"2017-05-27 06:41:36",70.76,9.20,3.00,58.56,41.80
"2017-05-26 22:31:21",71.69,8.20,3.20,60.29,44.20
"2017-05-26 05:54:31",70.66,9.80,3.00,57.86,41.20
"2017-05-25 21:37:17",71.41,9.20,3.20,59.00,42.60
"2017-05-25 06:43:19",70.83,9.80,3.00,58.03,41.40
"2017-05-24 22:30:17",71.52,8.80,3.20,59.52,43.40
"2017-05-24 05:43:00",71.53,9.39,3.00,59.12,42.40
"2017-05-23 21:38:20",72.32,8.20,3.20,60.92,44.80
"2017-05-23 05:39:04",71.28,9.20,3.00,59.08,42.40
"2017-05-22 06:00:39",71.22,9.80,3.00,58.41,41.80
"2017-05-21 21:05:12",72.15,9.80,3.20,59.15,42.40
"2017-05-21 06:58:13",70.78,9.80,3.00,57.97,41.40
"2017-05-20 07:21:48",71.58,10.20,3.00,58.37,41.60
"2017-05-19 06:01:04",71.59,10.00,3.00,58.58,41.80
"2017-05-18 05:27:00",71.48,10.00,3.00,58.47,41.80
"2017-05-17 06:33:47",71.85,10.20,3.00,58.64,41.80
"2017-05-16 22:58:07",72.21,9.00,3.20,60.00,43.80
"2017-05-16 05:52:25",71.18,9.60,3.00,58.58,41.80
"2017-05-15 06:44:16",71.34,10.20,3.00,58.13,41.40
"2017-05-14 21:11:57",72.12,9.80,3.20,59.11,42.40
"2017-05-14 07:24:58",71.68,10.00,3.00,58.67,41.80
"2017-05-13 21:41:57",72.27,9.39,3.20,59.66,43.00
"2017-05-13 07:03:07",72.09,9.80,3.20,59.08,42.40
"2017-05-12 07:17:37",71.40,10.20,3.00,58.19,41.40
"2017-05-11 07:32:32",71.80,10.20,3.00,58.59,41.80
"2017-05-10 07:50:50",71.23,10.40,3.00,57.82,41.00
"2017-05-09 08:08:31",71.43,9.39,3.00,59.03,42.40
"2017-05-09 07:02:19",71.58,10.60,3.00,57.97,41.20
"2017-05-08 07:03:00",71.68,10.00,3.00,58.68,41.80
"2017-05-07 08:02:22",71.86,10.80,3.00,58.05,41.20
"2017-05-06 08:23:47",71.94,10.40,3.00,58.53,41.60
"2017-05-05 06:47:58",71.85,10.40,3.00,58.44,41.60
"2017-05-04 08:29:35",71.61,10.60,3.00,58.01,41.20
"2017-05-03 07:15:00",72.19,10.60,3.00,58.59,41.80
"2017-05-02 07:07:11",72.18,10.40,3.00,58.77,42.00
"2017-05-01 06:43:39",72.15,9.60,3.20,59.34,42.80
"2017-04-30 07:34:59",73.52,11.20,3.20,59.11,42.20
"2017-04-28 07:18:37",71.80,10.60,3.00,58.20,41.40
"2017-04-26 06:38:32",72.29,10.20,3.00,59.08,42.20
"2017-04-25 06:44:18",72.60,10.20,3.20,59.20,42.40
"2017-04-20 06:22:35",72.86,10.00,3.20,59.65,42.80
"2017-04-19 07:52:54",72.63,10.00,3.20,59.42,42.80
"2017-04-18 06:53:39",72.93,10.20,3.20,59.52,42.60
"2017-04-17 06:45:01",72.36,10.60,3.00,58.76,41.80
"2017-04-16 08:32:26",72.54,11.00,3.00,58.53,41.60
"2017-04-15 07:55:10",72.66,10.00,3.20,59.45,42.80
"2017-04-14 08:00:19",72.59,10.20,3.20,59.18,42.40
"2017-04-12 07:22:32",72.52,10.40,3.00,59.11,42.20
"2017-04-11 07:30:58",73.23,10.60,3.20,59.42,42.60
"2017-04-10 07:00:21",73.49,10.00,3.20,60.28,43.60
"2017-04-09 06:25:05",73.16,11.00,3.00,59.15,42.00
"2017-04-07 07:54:06",72.83,10.40,3.20,59.23,42.40
"2017-04-06 07:42:15",72.94,10.60,3.20,59.14,42.40
"2017-04-05 07:34:17",73.66,10.20,3.20,60.26,43.40
"2017-04-04 06:46:29",73.49,10.80,3.20,59.48,42.60
"2017-04-03 07:40:58",72.97,10.60,3.20,59.17,42.40
"2017-04-01 07:47:25",73.56,11.00,3.20,59.35,42.40
"2017-03-31 07:45:00",73.36,11.20,3.00,59.15,42.20
"2017-03-30 07:26:38",73.62,10.80,3.20,59.62,42.80
"2017-03-28 07:42:36",73.91,11.40,3.20,59.30,42.40
"2017-03-27 07:23:18",72.96,10.60,3.20,59.16,42.40
"2017-03-25 11:52:12",73.65,10.40,3.20,60.05,43.20
"2017-03-24 08:02:04",74.25,10.60,3.20,60.45,43.60
"2017-03-23 07:26:40",73.61,11.40,3.20,59.00,42.20
"2017-03-22 07:45:19",74.04,11.40,3.20,59.43,42.60
"2017-03-21 07:30:14",74.26,11.00,3.20,60.05,43.00
"2017-03-20 06:01:26",74.34,11.40,3.20,59.74,42.80
"2017-03-19 06:18:45",74.71,11.60,3.20,59.90,43.00
"2017-03-18 09:06:29",73.51,10.60,3.20,59.70,43.00
"2017-03-17 07:28:25",74.42,10.80,3.20,60.42,43.40
"2017-03-16 08:00:58",74.09,10.80,3.20,60.09,43.20
"2017-03-14 07:03:55",73.66,11.00,3.20,59.45,42.60
"2017-03-13 21:23:38",74.14,10.20,3.20,60.73,43.80
"2017-03-12 08:25:51",74.21,10.40,3.20,60.61,43.60
"2017-03-12 05:44:47",74.62,11.80,3.20,59.61,42.60
"2017-03-11 06:50:20",73.85,11.20,3.20,59.45,42.40
"2017-03-09 07:24:43",74.39,10.80,3.20,60.38,43.40
"2017-03-08 07:35:03",74.32,11.20,3.20,59.91,43.00
"2017-03-06 07:22:45",74.16,10.80,3.20,60.16,43.20
"2017-03-03 07:19:24",75.58,11.11,3.21,61.25,44.15
"2017-03-01 07:56:49",74.90,10.92,3.18,60.78,43.75
"2017-02-27 07:16:30",74.40,11.31,3.14,59.94,42.90
"2017-02-26 08:13:12",74.48,10.86,3.16,60.45,43.45
"2017-02-24 08:03:16",74.42,10.87,3.16,60.37,43.37
"2017-02-23 07:04:58",73.75,10.57,3.14,60.02,43.10
"2017-02-23 06:49:50",74.41,10.95,3.16,60.30,43.29
"2017-02-21 21:57:11",75.35,11.41,3.18,60.74,43.62
"2017-02-18 00:33:28",75.56,9.61,3.30,62.63,45.95
"2017-02-09 06:29:15",74.17,11.42,3.12,59.61,42.59
"2017-02-06 07:01:34",74.24,11.34,3.13,59.76,42.73
"2017-02-04 07:23:05",74.56,10.96,3.16,60.43,43.41
"2017-02-02 22:23:49",74.79,10.55,3.20,61.03,44.06
"2017-01-30 06:49:39",74.20,11.64,3.11,59.43,42.40
"2017-01-29 08:49:20",73.16,10.75,3.10,59.29,42.39
"2017-01-28 09:53:54",73.41,10.18,3.15,60.07,43.23
"2017-01-27 07:31:30",74.03,10.65,3.15,60.21,43.26
"2017-01-26 07:12:25",73.70,10.48,3.15,60.06,43.16
"2017-01-25 06:35:09",73.29,10.91,3.10,59.27,42.34
"2017-01-24 06:35:52",74.06,11.40,3.11,59.53,42.52
"2017-01-23 07:33:47",74.20,11.27,3.13,59.78,42.76
"2017-01-22 07:06:05",73.91,11.53,3.10,59.26,42.26
"2017-01-17 07:08:31",73.59,11.25,3.10,59.23,42.26
"2017-01-16 21:03:00",74.97,10.38,3.22,61.35,44.42
"2017-01-16 21:02:25",74.97,10.30,3.22,61.43,44.52
"2017-01-16 07:25:47",73.58,11.19,3.10,59.27,42.31
"2017-01-15 06:56:47",73.69,11.69,3.08,58.90,41.92
"2017-01-14 08:00:04",73.14,10.30,3.13,59.70,42.86
"2017-01-11 22:06:52",73.97,9.43,3.23,61.30,44.68
"2017-01-10 21:19:20",75.10,10.40,3.22,61.46,44.51
"2017-01-10 06:48:33",74.53,11.96,3.11,59.44,42.38
"2017-01-08 21:49:42",75.32,10.67,3.22,61.42,44.41
"2017-01-05 07:17:19",72.64,11.31,3.05,58.26,41.38
"2017-01-04 19:33:30",73.18,10.66,3.11,59.39,42.49
"2017-01-04 07:55:47",72.96,10.28,3.12,59.54,42.71
"2017-01-04 07:55:11",72.96,10.60,3.10,59.24,42.36
"2017-01-02 12:44:43",73.69,10.50,3.14,60.03,43.13
"2016-12-31 10:12:47",73.72,9.98,3.18,60.54,43.75
"2016-11-07 17:58:27",73.85,10.47,3.15,60.20,43.30
"2016-10-23 13:35:46",74.19,12.11,3.09,58.97,41.97
"2016-10-10 08:18:58",74.34,11.18,3.14,60.01,42.98
"2016-10-08 20:13:41",73.47,11.97,3.06,58.42,41.49
"2016-09-26 06:36:24",75.37,12.44,3.13,59.79,42.66
"2016-09-25 08:14:14",75.61,11.48,3.19,60.93,43.78
"2016-09-23 07:06:09",76.20,11.44,3.22,61.52,44.33
"2016-09-19 23:12:15",74.90,10.83,3.19,60.87,43.85
"2016-09-19 09:21:15",75.04,11.70,3.15,60.17,43.07
